nombre,Tipo_ID,Etapa_ID,Area_ID
"Escuela de Educación Primaria N.° 24 D.E. 15 ""Francisco Morazán"" - Siglo XXI",1,1,1
Calle Holmberg: Nivelación en cruce,2,1,2
Área Ambiental Central: Calles Alsina Y Moreno,2,1,2
Área Ambiental Central: Calle Esmeralda I,2,1,2
Villa Olí­mpica: Viviendas II,3,1,2
Villa Olí­mpica: Viviendas III,3,1,2
Villa Olí­mpica: Viviendas IV,3,1,2
Villa Olí­mpica: Viviendas IX,3,1,2
Villa Olí­mpica: Viviendas V,3,1,2
Villa Olí­mpica: Viviendas VI,3,1,2
Villa Olí­mpica: Viviendas VII,3,1,2
Villa Olí­mpica: Viviendas VIII,3,1,2
Villa Olí­mpica: Viviendas X,3,1,2
Villa Olí­mpica: Viviendas I,3,1,2
Villa Olimpica: Provisión Y Colocación De Equipamiento De Cocina En Edificios Villa Olí­mpica,3,1,3
"Parque Olí­mpico: Demolición total, extracción y trasplante de árboles, cerco perimetral",2,1,2
"Parque Olí­mpico: Instalación de red de agua potable, incendio cloacal, pluvial y red de gas.",4,1,2
Parque Olí­mpico: Pabellones A1 Y A2.,5,1,2
Parque Olí­mpico: Pabellones A3 Y A4.,5,1,2
"Parque Olí­mpico: Espacio público, equipamiento deportivo exterior",2,1,2
Parque Olí­mpico: Pabellón C.,5,1,2
Villa Olimpica: Ejecución Baños En Locales Comerciales En Edificios Villa Olí­mpica,5,1,3
Villa Olimpica: Readecuación  Locales Planta Baja Edificios UG7 Villa Olí­mpica,5,1,3
Villa Olimpica: Provisión Y Colocación De Equipamiento De Cocina En Edificios UG7 P3 Y P4 Villa Olí­mpica,3,1,3
Parque Olí­mpico: Pabellón B.,5,1,2
Parque Olí­mpico: Infraestructura eléctrica.,4,1,2
"Villa Olimpica: Movimiento De Suelo Y Tareas De Mantenimiento De Espacios Verdes, Manzanas 123A - 123B - 123E - 123I- 123M",2,1,3
Villa Olimpica: Pintura Interior Departamentos Edificio UG1:P1-P4-P6-P9; UG2:P1-P3-P5-P7; UG3:P1-P2-P3-P5-P8; UG4:P1-P2-P3-P6-P7-P8; UG5:P1-P2-P3-P4-P5-P6-P7-P8-P9-P10; UG7: P3-P4,5,1,3
Paseo Del Bajo: Tramo A - Viaductos,6,1,2
Paseo Del Bajo: Tramo B - Trinchera Semicubierta Sur,6,1,2
Paseo Del Bajo: Tramo C - Trinchera Semicubierta Norte,6,1,2
Ramal Austria I,4,1,2
Ramal Caaguazú -Ampliación Red Pluvial VII,4,1,2
Ramal Escalada -Ampliación Red Pluvial VI,4,1,2
Red Pluvial IV: Ampliación,4,1,2
Centro de Exposiciones y Convenciones,5,1,2
Edificio Lezama: Obra Civil,5,1,2
Arroyo Vega - Mejora de la Eficiencia Hidraulica,4,1,2
Conector Ambiental Iriarte,2,1,2
Parque Olí­mpico: Cubierta Arena Parque Roca.,5,1,2
Metrobus Del Bajo: Paradores - Etapa I,6,1,2
Camino De Sirga II,4,1,2
Metrobus Norte: Metrobus Cabildo II,6,1,2
Metrobus Norte: Centro de Transbordo Pací­fico,6,1,2
Paso bajo nivel Balbí­n,6,1,2
Centro de Exposiciones y Convenciones: Ampliación red de agua y cloacas,5,1,2
Paso bajo nivel Nazca,6,1,2
Conservatorio Manuel De Falla,1,1,2
Metrobus Del Bajo: Aceras - Etapa I,6,1,2
Metrobus Del Bajo: Tareas Preliminares y Cerco de Obra - Etapa I,6,1,2
Paso bajo nivel Av. San Martí­n,6,1,2
Paso bajo nivel Constituyentes,6,1,2
Paso bajo nivel Beiró,6,1,2
Teatro Colón: Reparación de arco de embocadura,5,1,2
Casa Trans,5,1,2
Edificio Hipólito Yrigoyen y Edificio Finochietto: adecuación,5,1,2
Estación de Bombeo Nº5,4,1,2
Teatro Colón: Instituto Superior de Arte - Adecuación del edificio Corrientes 1681,5,1,2
Área Ambiental Central: Calle Peru I,2,1,2
Área Ambiental Central: Calle Peru II,2,1,2
Centro de Gestión y Participación - Comuna 12,5,1,2
Camino De Sirga III,4,1,2
Área Ambiental Central: Calle Tacuarí­,2,1,2
Teatro San Martí­n: Renovación de Instalaciones y Tecnologí­a.,5,1,2
Comisarí­a vecinal 1-E,5,1,2
Oficinas Ministerio de Justicia y Seguridad: Laboratorio de la Policí­a Cientí­fica,5,1,2
Teatro Colón: Plano corta fuego,5,1,2
Teatro Colón: Completamiento del 4° Piso,5,1,2
Centro Parque Patricios: Intervención,5,1,2
Área Ambiental Central: Pasaje 5 de Julio,2,1,2
Edificio Lezama: Reparación de carpinterí­as del Parque Lezama,5,1,2
"Edificio Lezama: Instalaciones Eléctricas de Corrientes Fuertes, Corrientes Débiles e Iluminación",5,1,2
Edificio Lezama: Ampliación del Sistema Contra Incendio,5,1,2
Edificio Lezama: Ampliación del Sistema de Aire Acondicionado,5,1,2
Centro de Transbordo Flores,6,1,2
Parque Del Bajo: Bases de monumentos,2,1,2
Parque Del Bajo: Helipuerto y obras civiles,2,1,2
Parque Del Bajo: Movimiento de mástil,2,1,2
Manzana 66: Espacio público y movimiento de suelos,2,1,2
Centro Cultural Recoleta: Puesta en valor y refuncionalización,5,1,2
Centro de Exposiciones y Convenciones: Ingreso y Veredas,5,1,2
Parque de la Memoria: Pabellón de acceso,5,1,2
Base Operativa de Agentes de Tránsito,5,1,2
Sanidad de Frontera - Ministerio de Salud,7,1,2
Mirador Comastri: Restauración,5,1,2
Paseo de La Ribera: Etapa I Rocha y Cerri,2,1,2
Paseo De La Ribera: Etapa II Rocha y Cerri,2,1,2
Paseo De La Ribera: Etapa III Salvadores y Cerri,2,1,2
Teatro Colón: Talleres La Nube,5,1,2
Donado Holmberg: Soluciones Habitacionales IV,3,1,2
Acumar: San Antonio - Viviendas,3,1,4
Acumar: Lacarra - Viviendas,3,1,4
Ecoparque: Switches Para Telefoní­a Ip- Solución Así­,2,1,2
CESAC N° 30: Ampliación Y Remodelación Integral,7,1,5
Nuevo Cesac Avenida De Los Corrales,7,1,5
CESAC N° 35: Ampliación,7,1,5
Nuevo Cesac En Comuna 7 - Barrio Flores,7,1,5
Edificio Iriarte 3501 - Trabajos En Planta Baja y Planta Alta - Predio Del Ex Cic,7,1,5
Cesac Santander,7,1,5
"Hospital Alvear - Trabajos De Instalaciones Termo Mecánicas Y Eléctricas En Pabellón N° 1, Etapa 2",7,1,5
Hospital Marie Curie - Instalación Y Montaje De Ascensor Camillero,7,1,5
Hospital Fernández - Modernización y mejoras de ascensores,7,1,5
Edificio Ex Liga Israelita: Rehabilitación Y Refuncionalización,7,1,5
Hospital Penna - Obra Centro Transformación,7,1,5
Hospital Ramos Mejí­a - Remodelación Integral Medicina Nuclear Y Obras Varias,7,1,5
Hospital Vélez Sarfield - Remodelación Guardia,7,1,5
Hospital Penna - Remodelación ex guardia para traslado del servicio completo de imágenes (Area Imágenes),7,1,5
Hospital Piñero - Normalización Integral De Gas í¢ÂÂ2° Etapa,7,1,5
Hospital Moyano - Tareas De Demolición De Chimenea,7,1,5
Hospital Moyano - Reformas En Clí­nica Médica - Etapa N° 1,7,1,5
Hospital Alvarez - Remodelación Y Ampliación Del Servicio De Hemoterapia Del Pabellón D,7,1,5
Hospital Rivadavia - Remodelación del Centro Quirúrgico Pabellón Cobo y obras varias,7,1,5
Plaza Montecastro: Puesta en valor.,2,1,6
Plaza Sobral : Espacios Verdes,2,1,6
Avenida Yrigoyen - Etapa 4,2,1,6
Corralón de Floresta: Nueva plaza,2,1,6
Acumar: Osvaldo Cruz - Viviendas,3,1,4
Acumar: Valparaí­so - Viviendas,3,1,4
Acumar: Alvarado - Viviendas S1,3,1,4
Acumar: Alvarado - Viviendas S2,3,1,4
Acumar: Orma - Viviendas,3,1,4
Hospital Alvear - Refuncionalización Pabellón 2,7,1,5
Barrio 26 De Junio: Puesta En Valor Pasillos De Uso Común â 33 Viviendas,2,1,3
Biblioteca José Hernández: Puesta En Valor,5,1,7
Ecoparque: Consultorí­a Edif.Patrim. Estructuralista,5,1,2
Ecoparque: Oficinas (Obra),5,1,2
Ecoparque: Oficinas (Muebles),5,1,2
Ecoparque: Bioterio Remodelación,5,1,2
Ecoparque: Adecuación De Pgma (Comedor-Biblioteca- Nutrición),5,1,2
Ecoparque: Calefones Solares (25 Recintos),5,1,2
Ecoparque: Oso Hormiguero - Modificaciones En Recinto,5,1,2
Ecoparque: Monario írabe - Modificaciones De Recinto,5,1,2
Ecoparque: Intervenciones Correctivas De Urgencia En Recintos,5,1,2
Ecoparque: Impermeabilización De Techo Recintos (3100 M2),5,1,2
Ecoparque: Elefante 2da Etapa,2,1,2
Ecoparque: Nuevas Mangas De Manejo,5,1,2
Barrio Papa Francisco: Sector 2,3,1,4
Barrio Papa Francisco: Sector 3,3,1,4
Barrio Papa Francisco: Sector 1,3,1,4
Barrio Papa Francisco: Sector 4,3,1,4
Barrio Papa Francisco: Sector 5,3,1,4
Subsede Parque Chacabuco,5,1,6
Esquina Centenera  y Bonifacio: Nuevo espacio verde.,2,1,6
Sede Comunal Nro. 3 - Relocalización,5,1,6
Sede Comunal 15 - 2° Etapa - Modificación Layout,5,1,6
Ecoparque: Osos/Chimpance/Orangután - Modificaciones En Recinto,5,1,2
Ecoparque: Cuarentena,5,1,2
Ecoparque: Necropsia,5,1,2
Barrio Papa Francisco: Infraestructura 1,4,1,4
Barrio Papa Francisco: Infraestructura 2,4,1,4
Barrio Papa Francisco: Etapa 5,3,1,4
Barrio Rodrigo Bueno: Vivienda,3,1,4
Nuevo Cesac 14,7,1,5
Hospital Elizalde - Remodelación Servicio Reconstitución De Citostáticos,7,1,5
Hospital Fernández - Readecuación Fí­sica Angiógrafo,7,1,5
Hospital Cecilia Grierson - Remodelación y ampliación (Etapa N° 2- 3° Módulo),7,1,5
Hospital Penna - Instalación de sistema de climatización para el servicio de Unidad de Terapia Intensiva,7,1,5
"Hospital Santojanni - Ampliación Instalaciones Centrales De Oxigeno, Aire Comprimido Vací­o (Edificio 3, En 1°, 2°, 3° Y 4° Piso)",7,1,5
"Hospital Gutiérrez - Trabajos De Remodelación Del Sector De Guardia, Hall Central Y De Baños Públicos",7,1,5
Hospital Gutiérrez - Provisión Y Colocación De Cámara De Frio De Ia Morgue,7,1,5
Hospital Marí­a Ferrer - Instalación De Sistema De Climatización Frí­o/Calor Con Filtrado Especial - 2° Parte,7,1,5
Hospital Udaondo - Trabajos Para Ampliación Y Modificación De Tableros Para Alimentar Pabellones C Y D De Los Transformadores Actuales De Pabellón A Y B,7,1,5
Hospital Fernández - Infraestructura Y Seguridad - 1° Etapa,7,1,5
Recoleta Entrena,2,1,6
Ensanche Constitución,6,1,6
Plazoletas Bruix,2,1,6
Barrio Fraga: Vivienda,3,1,4
Barrio Rivera Iguazú: Manzana 2 - Construcción De 64 Viviendas,3,1,4
Ecoparque: Equipamiento De Quirófano,5,1,2
Ecoparque: Tapir - Modificaciones En Recinto,5,1,2
Patios De Juegos - Pigue,2,1,6
Patios De Juegos -Niceto Vega,2,1,6
Patio De Juegos - Willians Morris,2,1,6
Barrio Rivera Iguazú: Manzana 5 - Construcción De 64 Viviendas,3,1,4
Hospital Ramos Mejí­a - Remodelación Cocina Y Vestuarios,7,1,5
Hospital Ramos Mejí­a - Ampliación Central Gases Médicos Vací­o Y Aire Comprimido,7,1,5
Hospital Elizalde - Remodelación Del Sector De Guardia,7,1,5
Hospital Fernández - Remodelación Del Sector De Guardia,7,1,5
Hospital Penna - Modificaciones en el sistema de clmatización de Neonatologí­a,7,1,5
Hospital Penna - Instalación de sistema antirrayos,7,1,5
Hospital Piñero - Remodelación Del Sector Guardia,7,1,5
Hospital Rivadavia - Trabajos de remodelación del sector de Guardia,7,1,5
Hospital Santojanni - Remodelación Guardia,7,1,5
Hospital Vélez Sarfield - Remodelación Guardia,7,1,5
Hospital Zubizarreta - Remodelación Guardia,7,1,5
Sede Comunal 14 - Reforma,5,1,6
Cesac N° 28: Adecuación edilicia para su instalación,7,1,5
Cesac N° 3: Adecuación edilicia para su instalación,7,1,5
Cesac N° 34: Colocación De Membrana Nueva En Azotea,7,1,5
"Hospital Alvarez - Proyecto, Montaje Y Normalización De Instalación Interna Pabellones I, V, XV, XVI",7,1,5
Hospital Borda - Relocalización Servicio Bulimia Y Anorexia Del Pabellón Central,7,1,5
Hospital Marie Curie - Construcción De Una Nueva Morgue,7,1,5
"Hospital Marie Curie - Proyecto, Construcción, Montaje, Normalización, Habilitación Y Puesta En Marcha De Ramal Y Servicio De Gas - Parte I",7,1,5
"Hospital Durand - Proyecto, Montaje Y Normalización De Instalación Interna Edificios VI Y XI",7,1,5
"CESAC Nº 38: Refuncionalización 3° Piso, Sector Administrativo",7,1,5
Hospital Moyano - Reparación De Terraza Y Tanque De Agua En Clí­nica Médica,7,1,5
Hospital Moyano - Cambio De Bomba De Agua Y Adecuación De Sala En Tanque Torre,7,1,5
Hospital Muñiz - Remodelación Sala 32 De Pediatrí­a,7,1,5
Hospital Muñiz - Construcción Muro Perimetral En La Ochava De Las Avenidas Vélez Sarsfield Y Amancio Alcorta Etapa IV,7,1,5
Hospital Piñero - Normalización Integral De Gas-1º Etapa,7,1,5
Hospital Udaondo - Mejoras En El Acceso A Personas Con Movilidad Reducida En Pabellón A,7,1,5
"Hospital Gutiérrez - Proyecto, Aprobación, Normalización Y Habilitación De Instalación De Gas - Pabellones D Y F",7,1,5
Hospital Pirovano - Tareas De Demolición De Chimenea,7,1,5
Sede Comunal 10: Modificación Layout,5,1,6
Barrio Los Piletones: Abastecimiento De Agua Potable Manzanas 9 Y 10 - Barrio Los Piletones,8,1,3
Barrio Los Piletones: Nexo Conexión De Red De Agua Potable ( Lacarra) Barrio Los Piletones,8,1,3
Barrio Los Piletones: Finalización Edificios 10 Y 11 (Piletones),3,1,3
Barrio Los Piletones: Finalización Edificios 12 Y 13 (Piletones),3,1,3
Barrio Los Piletones: Mejoras En Frentes - Barrio Los Piletones - Etapa 1,3,1,3
Ecoparque: Elefantes 1er Etapa,2,1,2
Base Operativa 24 De Noviembre,5,1,6
Base Operativa Bilbao,5,1,6
Base Operativa Indoamericano Etapa 1,5,1,6
Boulevard Juan B. Justo: Recuperación Y Puesta En Valor,2,1,6
Pasaje Panamá: Calle Sustentable,2,1,6
Sede Comunal 8 Modificación Del Layout De Puestos De Trabajo,5,1,6
Patio Urbano Paraguay,2,1,6
Sede Comuna 5: Muro Y Azotea Verde,5,1,6
Subsede Comuna 4 Muro Verde Y Cambio Layout,5,1,6
Barrio Rivera Iguazú: Manzana 6 - Construcción De 64 Viviendas,3,1,4
Barrio Rivera Iguazú: Ribera Iguazú,4,1,4
Barrio Rivera Iguazú: Construcción De 128 Viviendas,3,1,4
Barrio Rodrigo Bueno: Movimiento De Suelo En Preparación A Las Tareas De Desarrollo,4,1,4
"Hospital Alvarez - Proyecto, Construcción Y Montaje De Red De Media Presión Y Sub Estaciones 6, 7 Y 8 - Gas",7,1,5
Hospital Alvarez - Instalación De Sistema De Climatización De Aire -Departamento Materno Infantil,7,1,5
Hospital Durand - Reformulación Gases Médicos Uti Pediátrica 8 Puestos,7,1,5
Hospital Pirovano - Readecuación Local De Inflamables,7,1,5
Hospital de Quemados - Puesta En Valor Y Refuncionalización Del Sector De Morgue,7,1,5
Hospital Zubizarreta - Remodelación Guardia,7,1,5
Hospital Maria Ferrer - Instalación De Sistema De Climatización Frí­o/Calor Con Filtrado Especial - 1° Parte,7,1,5
Pasaje Troilo: Calles Sustentables,2,1,6
Autopista 25 De Mayo: Puesta en valor lateral sub sede Comuna 3,2,1,6
Hospital Zubizarreta - Reforma Frente Y Puesta,5,1,6
Plaza Discépolo,2,1,6
"La Redonda, Iglesia de Belgrano.",5,1,6
Plaza 1ro De Mayo,2,1,6
Plaza General Ramí­rez - Etapa 2.,2,1,6
Barrio Las Palomas: Mejoras En Frentes â Las Palomas,3,1,3
Barrio 26 De Junio: Mejoras En Frentes - 33 Viviendas,3,1,3
Ecoparque: Quirófano (Obra),5,1,2
Ecoparque: Felinos Grandes - Modificaciones En Recinto,5,1,2
Hospital Durand - Remodelación Y Reubicación Servicio Anatomí­a Patológica,7,1,5
Hospital Penna - Infraestructura y seguridad - 1° Etapa,7,1,5
Hospital Piñero - Proyecto De Reestructuración - Remodelación Guardia Pediátrica Y Traslado Farmacia,7,1,5
Ecoparque: Felinos Chicos - Modificaciones En Recinto,5,1,2
Ecoparque: Isla Cóndor - Modificaciones En Recinto,5,1,2
Barrio Rodrigo Bueno: Infraestructura,4,1,4
Acumar: Alvarado - Infraestructura,4,1,4
"Distrito Tecnológico: Retiro De Sistema De Almacenamiento Subterráneo De Hidrocarburos (Sash), Tanques, Cañerí­as Y Acceso A Predio Usal",8,1,3
Barrio Fraga: Demoliciones,4,1,4
Parque Avellaneda: Puesta En Valor De Asociación Vecinal Florentino Ameghino Y Biblioteca Popular,5,1,3
Barrio Fraga: Infraestructura,4,1,4
Lacarra Y Av. Cruz: Adecuación De Red Interna Cloacal Conjunto Habitacional 180 Viviendas,8,1,3
Barrio Pirelli: Reparación De Espacios Comunes En Ch 108 Viviendas - BÂ° Pirelli,8,1,3
"Barrio Los Piletones: Demolición De Viviendas Para Apertura Y Liberación De Espacios, Manzana Nº 9 Del Barrio Los Piletones",8,1,3
Barrio Los Piletones: Demolición De Viviendas Para Apertura Y Liberación De Espacios En La Manzana Nº 10 Del Barrio Los Piletones,8,1,3
Barrio Fraga: Vivienda,3,1,4
Barrio Los Piletones: Demolición De Vivienda Para Materialización De Ochava En La Manzana 5a - Casa 1732/1- Barrio Los Piletones,8,1,3
Barrio Fraga: Vivienda,3,1,4
Buenos Aires Playa 2016: Parque Indoamericano Obra Civil,2,1,3
Buenos Aires Playa 2016:Parque Indoamericano Mantenimiento,2,1,3
Buenos Aires Playa 2016: Parque Indoamericano - Instalación Eléctrica,2,1,3
Barrio Los Piletones: Demolición De Viviendas Para La Liberación De Espacios Manzana Nº 10,8,1,3
Barrio Los Piletones: Mejoramiento Del Sector Liberado Sobre El Lago Soldati Manzana NÂ° 9,8,1,3
Rafael del Riego y Nuñez: Patio de Juegos.,2,1,6
Barrio Ramon Carrillo: Cerco En Parroquia BÂ° Ramon Carrillo,2,1,3
Barrio 20: Sector consolidado - Red peatonal y alumbrado,2,2,4
Barrio 26 De Junio: Conexiones Eléctricas En Complejo Habitacional 33 Viviendas,8,1,3
Barrio 26 De Junio: Mejoras De Tendido Cloacal En El Complejo Habitacional 33 Viviendas-Riestra Y Portela,8,1,3
Terminal Dellepiane: Muro Divisorio Estación Terminal Sur-Campo De Deportes Jorge Newery La Quemita-Club Huracán,2,1,3
Parque Roca: Remodelación Del Sector Confiterí­a Y Sanitarios Sector Tenis (C) Parque Roca,2,1,3
"Barrio 59 Viviendas: Reconstrucción De Las Unidades Funcionales 29, 30,49 Y 50 Del Complejo Habitacional Néstor Kirchner Sito En La Av. Escalada Nº 4551",3,1,3
Parque Patricios: Puesta En Valor De Plazoleta Pringles Y Calle Corrales Viejos,2,1,3
Distrito De Las Artes: Puesta En Valor Calle Necochea Entre Brandsen Y Av. Pedro De Mendoza,2,1,3
Barrio Los Piletones: Instalación De Cañerí­a Para La Provisión Del Servicio De Agua Potable Al BÂ° Los Piletones,8,1,3
Distrito De Las Artes: Puesta En Valor Calle Pedro De Mendoza Entre Brasil Y Aristóbulo Del Valle,2,1,3
Parque Roca: Puesta En Valor Baños Y Sala De Médicos - Parque Roca - Sector C,2,1,3
Parque Roca: Puesta En Valor De Dos Canchas De Tenis De Piso Cemento - Parque Roca Sector C,2,1,3
Parque Roca: Obras Complementarias Para Piletas De Natación - Parque Roca Sector C,2,1,3
Parque Roca: Cerco En Lago - Parque Roca Sector C,2,1,3
Barrio Los Piletones: Ejecución De Calle De Enlace Entre El Complejo Habitacional Los Piletones Y Av. Asturias,8,1,3
Barrio Los Piletones: Obras Complementarias De Infraestructura Y Puesta En Régimen En Barrio Piletones Y Barrio Ramon Carrillo,8,1,3
Obras Comuna 8: Remodelación De Viviendas Incendiadas En El Conjunto Habitacional 180 Viviendas Sito En Av. Fernández De La Cruz Y Av. Lacarra,5,1,3
"Obras Comuna 8: Retiro De Autos Abandonados, Muebles Y Chatarra En Predio De Futura Apertura Sito En La Calle San Pedrito Entre 27 De Febrero Y Calle Cook",8,1,3
Barrio Los Piletones: Tendido Eléctrico - Gabinete De Tablero Y Alumbrado,8,1,3
"Obras Comuna 8: Reconstrucción De Las Unidades Funcionales 29, 30, 49 Y 50 Del Ch Néstor Kirchner",5,1,3
Obras Comuna 8: Tendido De Alimentadores Eléctricos Oficinas Cbas - Edificio Cis,8,1,3
Parque Roca: Remodelación De Cocina Del Sector Tenis - Acceso C - Parque Roca,5,1,3
Distrito Del Deporte: Cerco Perimetral De Cancha De Futbol - Club Social Cultural Y Deportivo Unidos De Mataderos - Av. Eva Perón 7164,2,1,3
Distrito Del Deporte: Construcción De Sanitarios Para Personal De Boletería - Club San Lorenzo De Almagro,5,1,3
Ctc: Obras Complementarias De La Construcción De Un Acceso Provisorio Al Ctc - Traza Parcial Futura Rama 8,8,1,3
Ctc: Construcción De Un Acceso Provisorio Al Centro De Transferencia De Cargas-Traza Parcial Futura Rama 8-Elaboración De Proyecto Ejecutivo Y Pavimentación,8,1,3
Ctc: Modificación De La Intersección De La Av. 27 De Febrero Con La Calle Pergamino,8,1,3
Barrio Los Piletones: Adecuación Y Refacción Edilicia De Incubadora De Empresas De Base Social - Barrio Los Piletones,5,1,3
Autódromo Oscar Y Alfredo Gálvez: Nuevo Vallado Circuito 12 - Obra Civil - Autódromo De La Ciudad D Buenos Aires,2,1,3
Barrio Los Piletones: Pavimentación Con Concreto Asfáltico De Calle Vehicular Continuación Calle Plumerillo - BÂ° Los Piletones,8,1,3
Distrito De Las Artes: Adaptación De Predio Para Traslado De Transformadores - Plaza Usina Del Arte,2,1,3
Distrito Del Deporte: Construcción De Muro Perimetral - Asociación Civil Nueva Estrella,5,1,3
Obras Comuna 4: Recambio De Cubierta En Quincho Darling Tennis Club,5,1,3
Distrito Del Deporte: Anexo Club Torino - Mejoras En Cancha De Futbol,5,1,3
Buenos Aires Playa 2017: Parque Indoamericano - Instalación Eléctrica,2,1,3
Buenos Aires Playa 2017: Parque Indoamericano - Mantenimiento,2,1,3
Plaza Noruega,2,1,6
Barrio 26 De Junio: Rejas Perimetrales Centro Parroquial - Barrio 33 Viviendas,2,1,3
Barrio 26 De Junio: Obras De Tendido De Agua Potable (Infraestructura) Complejo Habitacional 33 Viviendas,8,1,3
Barrio Los Piletones: Cercado Y Mejoramiento - Plaza Mz 191 - Ch Piletones,2,1,3
Obras Comuna 1: Restauración Del Frente Luis Saenz Peña Nº 1620- Caba,3,1,3
Barrio Los Piletones: Saneamiento Y Relleno Pileton - Barrio Los Piletones,2,1,3
Autódromo Oscar Y Alfredo Gálvez: Puesta En Valor Autódromo De Bs. As. Oscar Y Juan Gálvez - Intervención Platea B,2,1,3
Autódromo Oscar Y Alfredo Gálvez: Puesta En Valor Autódromo De Bs. As. Oscar Y Juan Gálvez - Intervención Escaleras,2,1,3
Autódromo Oscar Y Alfredo Gálvez: Puesta En Valor Autódromo De Bs. As. Oscar Y Juan Gálvez - Intervención Palco A,2,1,3
Autódromo Oscar Y Alfredo Gálvez: Puesta En Valor Autódromo De Bs. As. Oscar Y Juan Gálvez - Intervención Tribunas De 1 A 4,2,1,3
Autódromo Oscar Y Alfredo Gálvez: Puesta En Valor Autódromo De Bs. As. Oscar Y Juan Gálvez - Intervención Tribunas De 5 A 9,2,1,3
Autódromo Oscar Y Alfredo Gálvez: Puesta En Valor Autódromo De Bs. As. Oscar Y Juan Gálvez - Intervención Tribunas De 10 A 15,2,1,3
Autódromo Oscar Y Alfredo Gálvez: Puesta En Valor Autódromo De Bs. As. Oscar Y Juan Gálvez - Intervención Platea A,2,1,3
Autódromo Oscar Y Alfredo Gálvez: Puesta En Valor Autódromo De Bs. As. Oscar Y Juan Gálvez - Intervención Sanitarios,2,1,3
Autódromo Oscar Y Alfredo Gálvez: Puesta En Valor Autódromo De Bs. As. Oscar Y Juan Gálvez - Intervención Palco B,2,1,3
Autódromo Oscar Y Alfredo Gálvez: Puesta En Valor Autódromo De Bs. As. Oscar Y Juan Gálvez - Estructura Para Lonas En Escaleras,2,1,3
Autódromo Oscar Y Alfredo Gálvez: Puesta En Valor Autódromo De Bs. As. Oscar Y Juan Gálvez - Cama De Hormigón Triturado â Circuito Nº 12 â Obra Civil,2,1,3
Autódromo Oscar Y Alfredo Gálvez: Puesta En Valor Autódromo De Bs. As. Oscar Y Juan Gálvez - Intervención Acceso,2,1,3
Autódromo Oscar Y Alfredo Gálvez: Puesta En Valor Autódromo De Bs. As. Oscar Y Juan Gálvez - Intervención Tanque De Agua,2,1,3
Autódromo Oscar Y Alfredo Gálvez: Puesta En Valor Autódromo De Bs. As. Oscar Y Juan Gálvez - Intervención Plaza De Honor,2,1,3
Autódromo Oscar Y Alfredo Gálvez: Puesta En Valor Autódromo De Bs. As. Oscar Y Juan Gálvez - Intervención Muro Perimetral,2,1,3
Autódromo Oscar Y Alfredo Gálvez: Puesta En Valor Autódromo De Bs. As. Oscar Y Juan Gálvez - Intervención Túnel Peatonal,2,1,3
Autódromo Oscar Y Alfredo Gálvez: Puesta En Valor Autódromo De Bs. As. Oscar Y Juan Gálvez - Estructura Sobre Barandas En Plateas,2,1,3
Autódromo Oscar Y Alfredo Gálvez: Puesta En Valor Autódromo De Bs. As. Oscar Y Juan Gálvez - Intervención Tribuna Central,2,1,3
Autódromo Oscar Y Alfredo Gálvez: Puesta En Valor Autódromo De Bs. As. Oscar Y Juan Gálvez - Intervención Horquilla,2,1,3
Autódromo Oscar Y Alfredo Gálvez: Puesta En Valor Autódromo De Bs. As. Oscar Y Juan Gálvez - Provisión E Instalación De Butacas En Platea A,2,1,3
Centro Comercial A Cielo Abierto Av. Almirante Brown (E/ Av. Pedro De Mendoza Y Av. Martí­n Garcí­a),2,1,8
Autódromo Oscar Y Alfredo Gálvez: Puesta En Valor Autódromo De Bs. As. Oscar Y Juan Gálvez - Provisión E Instalación De Butacas En Tribuna Central,2,1,3
Parque Patricios: Área de servicios.,2,1,8
Centro Comercial A Cielo Abierto Av. ílvarez Jonte (E/Joaquí­n V. González Y Lope De Vega),2,1,8
Av. Córdoba (E/ Cerrito Y Callao): Rehabilitación,2,1,8
Centro Comercial A Cielo Abierto Av. Corrientes ( E/ Callao Y Pueyrredón).,2,1,8
Centro Comercial a Cielo Abierto Av. Corrientes (E/ Acevedo y Julián ílvarez),2,1,8
Eje Corrientes: Centro Comercial A Cielo Abierto Av. Corrientes (E/ Mario Bravo Y Palestina),2,1,8
"Avenida de Mayo, Entorno plazas, Virrey Cevallos: Renovación ",2,1,8
Centro Comercial A Cielo Abierto Av. Gaona (E/ Donato ílvarez Y Argerich),2,1,8
"Esquinas Salcedo, Mármol, Las Casas y Muñiz: Puesta en valor del entorno ",2,1,8
Centro Comercial A Cielo Abierto Av. Lope De Vega (E/ Tinogasta Y Gral. Paz),2,1,8
Centro Comercial a Cielo Abierto Av. Montes De Oca (E/ B Quinquela y Av. Martí­n Garcí­a),2,1,8
Centro Comercial A Cielo Abierto Av. Pueyrredón Tramo I,2,1,8
Centro Comercial A Cielo Abierto Av. Pueyrredón Tramo II,2,1,8
Centro Comercial A Cielo Abierto Av. Rivadavia (E/ Helguera Y Av. Donato ílvarez),2,1,8
Centro Comercial A Cielo Abierto Av. Rivadavia (E/ Callao Y Pueyrredón),2,1,8
Centro Comercial a Cielo Abierto Av. San Juan (E/ Colombres y Virrey Liniers),2,1,8
Paseo Av. Sarmiento (Ramí­rez),2,1,8
Centro Comercial A Cielo Abierto Av. Varela (E/ Eva Perón Y Bajo Autopista Au. 25 De Mayo),2,1,8
Boulevard San Isidro Labrador: Renovación,2,1,8
Centro Comercial A Cielo Abierto Avellaneda E/ Terrada Y Emilio Lamarca,2,1,8
Centro Trasbordo Constitución,2,1,8
Conector Ambiental Av. Soldado De La Frontera,2,1,8
Corredor Verde del Oeste: Tramo I - Cruce Medrano,2,1,8
Corrientes Cultural - Etapa I (E/ Pellegrini y Suipacha),2,1,8
Corrientes Cultural - Etapa I (E/ Suipacha y Florida),2,1,8
Corrientes Cultural - Etapa II (E/ Callao y Cerrito),2,1,8
Estación Colegiales ( FFCC Mitre): Renovación del entorno,2,1,8
Estación Rivadavia ( FFCC Mitre): Renovación del entorno,2,1,8
Hospital Piñero: Renovación Del Entorno,2,1,8
Hospital Pirovano: Renovación Del Entorno,2,1,8
Paseo Caminito: Renovación del entorno,2,1,8
Plaza Miserere: Renovación del entorno,2,1,8
Polideportivo Parque Patricios: Renovación del entorno,2,1,8
Eje Comercial Av. Entre Rí­os - Callao (Entre Av. Corrientes Y Av. Garay),2,1,8
Centro Cultural Recoleta: Equipamiento,2,1,8
Plan Once: Etapa IV,2,1,8
Plan Once: Etapa V,2,1,8
Eje Perón: Puesta en valor de fachadas - Etapa II,2,1,8
Eje Corrientes: Puesta en valor de fachadas - Etapa III,2,1,8
Facultad de Odontologí­a: Renovación del entorno,2,1,8
Corredor Verde del Oeste: Puesta en valor de puentes sobre ferrocarril Sarmiento,2,1,8
Once: Paseo Comercial,2,1,8
Iglesia Santa Felicitas: Puesta en valor,2,1,8
Eje Cí­vico: Iluminación Fachadas Emblemáticas,2,1,8
Plaza Juan XXIII: Puesta en valor,2,1,8
Centro Comercial A Cielo Abierto Lavalle (E/ Carlos Pellegrini Y Florida),2,1,8
Ejes comerciales Castelli y V. Gómez: Nivelación,2,1,8
Estación Once de Septiembre: Puesta en valor de fachada,2,1,8
Templo Libertad y Museo (Conjunto Cira): Puesta en valor de fachada,2,1,8
Edificio Ateliers: Puesta en valor de fachada,2,1,8
Avenida de Mayo: Puesta en valor de fachadas,2,1,8
Av. Entre Rí­os: Puesta en valor de fachadas,2,1,8
Calle Suipacha: Puesta en valor de fachadas,2,1,8
Paseo Caminito: Puesta en valor de fachadas,2,1,8
Escuela Presidente Roca: Puesta en valor de la fachadas,2,1,8
Hospital Rivadavia: Puesta en valor de fachada,2,1,8
Iglesia Del Socorro: Puesta en valor de fachada,2,1,8
Calle Marcelo T. De Alvear: Puesta en valor de fachadas,2,1,8
Palacio Noel: Puesta en valor de fachada,2,1,8
Racing Club - Villa Del Parque: Puesta en valor de fachada,2,1,8
Recova de Once: Puesta en valor de fachadas,2,1,8
"Iglesias Santí­simo Sacramento, Metodista y Alemana: Puesta en valor de fachadas",2,1,8
Túneles Min. Carranza y Av. Libertador: Puesta en valor,2,1,8
Plaza Italia - Libreros: Rehabilitación De Puestos,2,1,8
"Recuperación De Bajo Autopistas 25 De Mayo (Av. Entre Rí­os, Av. Jujuy, Av. Boedo, Av. La Plata, Av. J. M. Moreno)",2,1,8
Lavalle (E/ Talcahuano Y Callao): Rehabilitación de calle,2,1,8
Retiro - Etapa II: Suipacha I + Sgto. Cabral + Juncal,2,1,8
Retiro - Etapa III: Suipacha II + Arroyo + Juncal,2,1,8
Retiro - Etapa I: Basavilbaso + Juncal,2,1,8
Santa Casa Ejercicios Espirituales: Puesta en valor de fachada y entorno,2,1,8
Centro Comercial a Cielo Abierto Suárez (E/ Av. Patricios e Isabel La Católica),2,1,8
Plaza Lavalle: Renovación integral,2,1,8
"Calles Lavalle, Diagonal Norte Y Pasaje Del Carmen: Rehabilitación",2,1,8
Plaza Lavalle: Rehabilitacióin de las calles del entorno,2,1,8
Barrio Fraga: Vivienda,3,1,4
Barrio Papa Francisco: Etapa 6,3,1,4
Barrio Rodrigo Bueno: Infraestructura,3,1,4
Barrio Rodrigo Bueno: Movimiento de suelo,3,1,4
Barrio Rodrigo Bueno: Vivienda nueva (611 UF),3,1,4
Papa Francisco: Etapa 6,9,1,4
Barrio 20: Cancha De Los Huérfanos,2,1,9
Barrio 20: Sector Consolidado - Red De Infraestructura,4,1,9
Barrio 21 24: Infraestructura Manzana 12 Y 13,4,1,9
Barrio 21 24: Plaza Seca,2,1,9
Barrio 21 24: Plaza Cinthia,2,1,9
Entorno Cildañez: Eje White,2,1,9
"Barrio 15: Infraestructura, Pavimentación Y Puesta En Valor De Espacio Público Cañada De Gómez (Sector 1-2-3)",2,1,9
Barrio 21 24: Pasaje Daniel De La Sierra,4,1,9
Barrio Calaza: Complejo 8 Torres,2,1,9
Nido Soldati: Ampliación,5,1,9
Barrio 15: Eje Ferroviario,4,1,9
Jardí­n de Infantes Integral N.° 9 D.E. 21,1,1,1
Jardí­n de Infantes Integral N.° 3 D.E. 15,1,1,1
Jardí­n de Infantes Integral N.° 10 D.E. 4,1,1,1
Jardí­n de Infantes Integral N.° 14 D.E. 5,1,1,1
Jardí­n de Infantes Integral N.° 14 D.E. 19,1,1,1
Polo educativo Mataderos - Jardí­n de Infantes Integral N.° 9 D.E. 20,1,1,1
Jardí­n de Infantes Integral N.° 11 D.E. 6,1,1,1
ENS N.° 3 Bernardino Rivadavia,1,1,1
Escuela Primaria N.Â° 6 D.E. 20 Â«Prof. Felipe BoeroÂ»,1,1,1
Polo Educativo Lugano - Jardí­n de Infantes Común N.° 15 D.E. 21,1,1,1
Jardí­n Infantil Integral N.° 16 D.E. 21,1,1,1
Jardí­n de Infantes Integral N.° 13 D.E. 4,1,1,1
Jardí­n de Infantes Integral N.° 17 D.E. 21,1,1,1
Jardin de Infantes Integral N° 16 D.E 5,1,1,1
Jardí­n de Infantes Integral NÂ° 18 D.E. 21,1,1,1
Escuela Primaria Común N.° 5 D.E. 5,1,1,1
"Escuela Infantil N.° 6 D.E. 6 ""Hospital Ramos Mejí­a""",1,1,1
Jardí­n de Infantes Integral N.° 15 D.E. 5,1,1,1
Jardín de Infantes Integral Nº 05 D.E. 03,1,1,1
Escuela Infantil N.° 19 D.E. 5,1,1,1
"Polo Piedrabuena - Escuela de Educación Media N.° 1 D.E. 20 ""Biblioteca del Congreso de la Nación""",1,1,1
Escuela Superior de Educación Artí­stica en Teatro,1,1,1
Esc. Primaria Común N° 18 Jorge Newbery,1,1,1
Escuela de danzas N° 02 Jorge Donn,1,1,1
Inst. de Enseñanza Superior en Lenguas Vivas Juan B. Justo,1,1,1
Jardí­n de Infantes Integral N.° 5 D.E. 17,1,1,1
Barrio 31: Polo Educativo Mugica: Escuela Primaria Común N° 25 Bandera Argentina,1,1,1
Barrio 31: Polo Educativo Mugica - Escuela De Educación Media N° 01,1,1,1
Polo educativo Mataderos - Escuela de Educación Primaria N.Â° 23 D.E. 20,1,1,1
Polo educativo Mataderos - Escuela Técnica N.° 20 D.E. 20,1,1,1
Polo Educativo Mataderos: Polideportivo,1,1,1
Polo Educativo Piedrabuena. Escuela primaria. EPC 24 DE 20,1,1,1
Esc. Primaria 21 DE 5,1,1,1
Escuela Primaria Común N.° 12 D.E. 21,1,1,1
Esc. Primaria Común N° 09 Benito Juárez: Obras generales.,1,1,1
Escuela de educación especial y formación laboral N° 28 Prof. Bartolomé Ayrolo: Obra de infraestructura,1,1,1
Escuela Primaria Común N° 21 Rompehielos Gral. San Martin: Obra de infraestructura,1,1,1
Escuela Primaria Común N° 10 Juan Andrés de la Peña: Mejora Edilicia.,1,1,1
Escuela De Educación Media N° 05/21° Juan Manuel Fangio / Escuela Primaria Común N° 16 Dr. Sofanor Novillo Corvalán: Mejora Edilicia,1,1,1
Escuela Primaria Común N° 08 Dr. Dalmacio Vélez Sarsfield: Mejora Edilicia.,1,1,1
Escuela Primaria Común N° 13 Presbí­tero Alberti: Mejora edilicia.,1,1,1
Esc. Técnica N° 30 Dr. Norberto Piñero: Obras generales,1,1,1
Inst. de Enseñanza Superior en Lenguas Vivas Juan B. Justo (Sede) Primario: Obras generales,1,1,1
Escuela De Bellas Artes Lola Mora: Obra de infraestructura,1,1,1
Esc. Primaria Común N° 08 Luis Federico Leloir: Obras generales,1,1,1
Escuela Primaria Común N° 04 Provincia De Córdoba: Mejora Edilicia.,1,1,1
Esc. Primaria Común N° 23 Saturnino Segurola: Obras generales.,1,1,1
Escuela De Recuperación N° 07: Mejora Edilicia,1,1,1
Esc. Técnica N° 12 Libertador Gral. José De San Martin: Obras generales,1,1,1
Escuela Integral Interdisciplinaria Nº 20 Alicia Moreau De Justo: Obra de infraestructura,1,1,1
Esc. Normal Superior N° 05 Gral. Don Martí­n Miguel De Gí¼emes: Obras generales,1,1,1
Liceo N° 05 Pascual Guaglianone / Escuela Técnica N° 18 José Antonio ílvarez Condarco: Obra de infraestructura,1,1,1
Liceo N° 05 Pascual Guaglianone / Esc. Técnica N° 18 José Antonio ílvarez Condarco: Obras generales,1,1,1
Esc. Primaria Común N° 22 Rufino Luro Cambaceres: Obras generales,1,1,1
 Polo Educativo Mugica: Esc. De Educación Media N° 01.Obras generales,1,1,1
Esc. Primaria Común N° 08 Alte. Manuel Blanco Encalada / Jardí­n De Infantes Nucleado e Juana Manso: Obras generales,1,1,1
Esc. Primaria Común N° 01 Casto Munita: Obras generales,1,1,1
Instituto de Formación Técnica Superior N° 14 / Ciclo Básico de Formación Ocupacional N° 04 - Ampliación.,1,1,1
Escuela Técnica N° 07 Dolores Lavalle De Lavalle: Obra de infraestructura.,1,1,1
Escuela Primaria Común N° 07 Niñas De Ayohuma / Jardí­n De Infantes Común N° 06: Obra de infraestructura,1,1,1
Liceo N° 08 Esteban Echeverrí­a: Mejora Edilicia,1,1,1
Escuela Primaria Común N° 30 Granaderos de San Martin: Mejora Edilicia.,1,1,1
Esc. Superior De Enfermerí­a Dra. Cecilia Grierson: Obras generales,1,1,1
Escuela Primaria Común N° 09 Mariano Moreno: Mejora Edilicia.,1,1,1
Escuela Primaria Común N° 13 Raúl Scalabrini Ortiz / Jardí­n De Infantes Común N° 08: Mejora Edilicia.,1,1,1
Escuela Primaria Común N° 11 José Federico Moreno: Mejora Edilicia.,1,1,1
Escuela Primaria Común N° 03 Dr. Manuel Augusto Montes De Oca: Mejora Edilicia,1,1,1
Escuela De Educ. Espec. N° 33 Santa Cecilia: Mejora Edilicia,1,1,1
Escuela Primaria Común N° 27 Deán Funes: Mejora Edilicia,1,1,1
Esc. De Educación Media N° 04 Homero Manzi: Obras generales,1,1,1
Escuela Primaria Común N° 01 Alte. Guillermo Brown: Mejora edilicia.,1,1,1
Escuela Primaria Común N° 23 Cañada: Mejora Edilicia,1,1,1
Escuela De Educ. Espec. N° 05 Dr. íngel Ardaiz: Mejora edilicia.,1,1,1
Sc. Primaria Común N° 18 Gendarmerí­a Nacional: Mejora Edilicia,1,1,1
Escuela Primaria Común N° 07 Aeronáutica Argentina (Sede): Mejora edilicia.,1,1,1
Escuela Primaria Común N° 13 Leopoldo Marechal: Mejora Edilicia,1,1,1
Escuela Técnica N° 08 Paula Albarrací­n De Sarmiento: Obra de infraestructura.,1,1,1
Escuela Primaria Común N° 06 Carlos Guido y Spano: Mejora Edilicia,1,1,1
Polideportivo: Obra de infraestructura,1,1,1
Escuela Primaria Común N° 09 Héctor Panizza: Obra de infraestructura,1,1,1
Escuela Primaria Común N° 16 Ricardo Rojas: Mejora edilicia.,1,1,1
Esc. Técnica N° 01 Ing. Otto Krause: Obras generales,1,1,1
Escuela Primaria Común N° 09 José Marí­a Paz: Mejora edilicia.,1,1,1
Escuela De Comercio N° 30 Dr. Esteban Agustí­n Gascón,1,1,1
Escuela Primaria Común N° 05 Vicente López Y Planes: Mejora edilicia.,1,1,1
Escuela Primaria Común N° 08 Dr. Arturo Mateo Bas: Obra de infraestructura.,1,1,1
Esc. Primaria Común N° 18 Provincia de Tierra del Fuego: Obras generales.,1,1,1
Casa Amarilla Modular: Obra de infraestructura.,1,1,1
Escuela Primaria Común N° 15 Gral. José Gervasio De Artigas: Obra de infraestructura,1,1,1
Escuela Primaria Común N° 20 Mariano Sánchez De Loria: Mejora Edilicia.,1,1,1
Mejora Edilicia: Jardí­n De Infantes Común N° 02 Prof. Marina Margarita Ravioli,1,1,1
Escuela Primaria Común N° 25 Carmen Sonda De Pandolfini.,1,1,1
Barrio 1 11 14: Eje Aliviador Varela,4,1,9
Barrio 31: Plaza Manzana 103,2,1,9
Barrio 31: Plaza De Los Gordos - Triángulo,2,1,9
Barrio 31: Cancha Luján,2,1,9
Barrio 31: Reordenamiento Av. Gendarmerí­a Nacional,2,1,9
Escuela Metropolitana de Arte Dramático (Sede Forest),5,1,7
Conservatorio Superior de Música de la Ciudad de Buenos Aires Astor Piazzolla y Conservatorio Superior De Música Manuel De Falla,5,1,7
Instituto Vocacional de Arte (Sede Pio Collivadino),5,1,7
Barrio 21 24: Canchas Tierra Amarilla,2,1,9
Entorno Cildañez: Eje Zuvirí­a,2,1,9
Barrio 1 11 14: Cancha De Los Paraguayos,2,1,9
Barrio 31: Cancha 9,2,1,9
Barrio 31: Cancha Pichones,2,1,9
Barrancas de Belgrano: Puesta en valor.,2,1,8
Plaza del Congreso: Puesta en valor,2,1,8
Parque Tres De Febrero. Escenario Flotante,2,1,8
Centro De Transferencia Constitución - Plaza: Puesta en valor,2,1,8
Jardí­n Botánico: Nuevo acceso,2,1,8
Parque Tres De Febrero. Moa,2,1,8
Parque Chacabuco: Puesta en valor,2,1,8
Plazoleta Avelino Gutiérrez,2,1,8
Parque Avellaneda: Nueva vereda,2,1,8
Parque Tres De Febrero: Circuito Aeróbico Entorno Golf,2,1,8
Barrio 31: Nueva Plaza Av Gendarmerí­a,2,1,8
9 de Julio: Puesta en valor entorno Guardia de Auxilio,2,1,8
Pirámide De Mayo: Restauración,2,1,8
9 de Julio y Av. San Juan (Bajo Puente): Puesta en valor,2,1,8
Cementerio de Chacarita: Puesta en valor,2,1,8
Nuevo Parque Elcano.,2,1,8
Plaza Italia: Puesta en valor.,2,1,8
Canil Mafalda,2,1,8
Canil Aristóbulo Del Valle,2,1,8
Canil Padre Múgica,2,1,8
Canil Parque De Las Victorias,2,1,8
Canil 1° De Mayo,2,1,8
Canil Santojanni,2,1,8
Canil Lavalle,2,1,8
Nueva Plaza de Proximidad en Comuna 11: Empedrado,2,1,8
Parque Rivadavia: Nueva vereda,2,1,8
Parque los Andes: Nueva vereda.,2,1,8
Nueva Plaza de Proximidad en Comuna 7: Albarrací­n 1470,2,1,8
Nueva Plaza de Proximidad en Comuna 13: Cramer 475,2,1,8
Edificio Ex-Padelai: Recuperación y puesta en valor,5,1,8
Edificio Ex-Padelai: Recuperación de fachada,5,1,8
Parque Tres De Febrero. Puesta En Valor Velódromo Y Entorno,2,1,8
Parque Las Heras: Nueva vereda,2,1,8
Polo Circo: Nueva vereda,2,1,8
Olimpo,2,1,8
Nueva Plaza de Proximidad en Comuna 10: Aguaribay 6768,2,1,8
Parque Alberdi: Puesta en valor,2,1,8
Plaza Gould: Puesta en valor,2,1,8
Nueva Plaza Bajo Au. Gral Paz Y Av. Juan B Justo,2,1,8
Paseo Lineal Canal 7,2,1,8
Parque Las Heras: Puesta en valor integral,2,1,8
Boulevard Vera Peñaloza,2,1,8
Nueva Plaza Casa Amarilla,2,1,8
Barrio 31: Calle Manzana 104 Y 12,2,1,9
Barrio 31: Calle Avellaneda,2,1,9
Barrio 21 24: Club Zavaleta Jr Etapa 2,5,1,9
Barrio 21 24: Portal Mundo Grúa,5,1,9
Barrio 1 11 14: Cloacas En Cancha Paraguayo,4,1,9
Barrio 1 11 14: Infraestructura Cloacal En Pasaje San Jorge,2,1,9
Escuela Primaria Común N° 17 Pedro Melitón Ledesma: Mejora edilicia.,1,1,1
Escuela Primaria Común N° 20 Eloy Fernández Alonso,1,1,1
Escuela Primaria Común N° 06 Vicente Fidel López: Mejora Edicilicia.,1,1,1
Escuela Primaria Común N° 25 Republica De Guatemala,1,1,1
Escuela Primaria Común N° 10 Dr. Ramon J. Carcano.,1,1,1
Colegio N° 08 Julio Argentino Roca: Mejora Edilicia.,1,1,1
Escuela Primaria Común N° 08 Jorge íngel Boero: mejora edilicia.,1,1,1
Escuela Primaria Común N° 18 Dr. Rafael Herrera Vegas: Mejora edilicia.,1,1,1
Escuela Primaria Común N° 24 C. Y F. Pizarro Y M. Pizarro Y Monje: Mejora edilicia,1,1,1
Instituto De Formación Técnica Superior N° 25: Mejora Edilicia.,1,1,1
Escuela Primaria Común N° 09 Dr. José Benjamí­n Zubiaur: Mejora Edilicia,1,1,1
Escuela Primaria Común N° 11 Ponciano Vivanco: Mejora Edilicia,1,1,1
Escuela Infantil N° 05: Mejora edilicia.,1,1,1
Escuela Primaria Común N° 20 Nieves Escalada De Oromi: Mejora Edilicia.,1,1,1
Escuela Primaria Común N° 07 Gral. Gí¼emes: Mejora Edilicia,1,1,1
Escuela Primaria Común N° 18 San Juan Bautista De La Salle: Mejora Edilicia,1,1,1
Escuela Primaria N° 20 Maestro Carlos Alberto Carranza: Mejora Edilicia,1,1,1
Jardí­n De Infantes Integral N° 03: Mejora Edilicia,1,1,1
Escuela Primaria Común N° 06 Dr. Carlos Vaz Ferreira: Mejora edilicia.,1,1,1
Escuela Primaria Común N° 04 Ricardo Gí¼iraldes: Mejora Edilicia,1,1,1
Escuela Primaria Común N° 07 Juan De Garay: Mejora Edilicia,1,1,1
Escuela Primaria Común N° 06 Luis Pasteur: mejora edilicia.,1,1,1
Escuela Primaria Común N° 14 Leopoldo Lugone: mejora edilicia,1,1,1
Escuela Primaria Común N° 06 Delfí­n Jijena: Mejora Edilicia,1,1,1
Escuela Primaria Común N° 11 Fray Luis Beltrán: Mejora Edilicia,1,1,1
Escuela Primaria Común N° 03 República Francesa: Mejora Edilicia.,1,1,1
Escuela Primaria Común N° 11 República del Perú: mejora edilicia.,1,1,1
Escuela Primaria Común N° 01 Prof. José Onaindia: mejora edilicia.,1,1,1
Escuela Primaria Común N° 02 Prof. Juan José Millan: mejora edilicia.,1,1,1
Escuela Primaria Común N° 03 Emilio Giménez Zapiola: mejora edilicia.,1,1,1
Escuela Primaria Común N° 04 Cnel. De Marina Tomas Espora: Mejora Edilicia,1,1,1
Escuela Primaria Común N° 12 Gran Mariscal Del Perú Ramón Castilla: mejora edilicia.,1,1,1
Escuela Hospitalaria N° 03 Dr. Pedro De Elizalde: Mejora Edilicia.,1,1,1
Escuela Primaria Común N° 03 Juan Marí­a Gutiérrez: Mejora Edilicia.,1,1,1
Escuela Primaria Común N° 15 Arzobispo Mariano Antonio Espinosa: Mejora edilicia.,1,1,1
Escuela De Comercio N° 09 José Ingenieros: Mejora edilicia.,1,1,1
Escuela Primaria Común N° 04 José Jacinto Berruti: Mejora Edilicia,1,1,1
Jardí­n de Infantes Integral N° 01 Benito Quinquela Martin: Mejora edilicia.,1,1,1
Escuela Primaria Común N° 28 Francisco Pascasio Moreno: Mejora edilicia.,1,1,1
Escuela Técnica N° 04 Republica Del Lí­bano: Mejora edilicia.,1,1,1
Escuela Integral Interdisciplinaria N.° 17,1,1,1
Escuela Infantil N.° 9 D.E. 5,1,1,1
Escuela De Bellas Artes Rogelio Yrurtia,1,1,1
Escuela Técnica N° 08 Paula Albarrací­n De Sarmiento: Mejora Edilicia.,1,1,1
Escuela De Recuperación N° 08 Luis Vernet: Mejora edilicia.,1,1,1
Escuela Primaria Común N° 05 Juan B. Peña: Mejora edilicia,1,1,1
Escuela Primaria Común N° 19 Florencio Balcarce: Mejora Edilicia,1,1,1
Escuela Técnica N° 34 Ing. Enrique Martin Hermitte: Mejora edilicia.,1,1,1
Escuela Primaria P/Adultos N° 29 Manuel Belgrano: Mejora edilicia.,1,1,1
Jardí­n De Infantes Común N° 03/03° San Telmo: Obras generales,1,1,1
Esc. Primaria Común N° 20 Vicealmirante Vicente E. Montes: Obras generales.,1,1,1
Esc. Normal Superior N° 04 Estanislao Severo Zeballos: Obras generales,1,1,1
Esc. Técnica N° 21 Fragata Escuela Libertad: Obras generales,1,1,1
Escuela Primaria Común N° 19 Fragata Ara Libertad: mejora edilicia.,1,1,1
Esc. Primaria Común N° 24 Contraalmirante Martin Guerrico: Obras generales,1,1,1
Ciclo Básico De Formación Ocupacional N° 03 Olga Cossettini: Mejora Edilicia,1,1,1
Escuela De Educ. Espec. N° 14 Constancio C. Vigil: Mejora Edilicia,1,1,1
Esc. Primaria Común NÂ° 12 Presbí­tero Prof. V. Montes Carballo: Obras generales.,1,1,1
Esc. Primaria Común N° 22 Antonio Abraham Zinny: Obras generales,1,1,1
Escuela Domiciliaria N° 02: mejora edilicia.,1,1,1
Escuela Técnica N° 15 Maipú: Mejora edilicia.,1,1,1
Escuela De Cerámica N° 02: Mejora Edilicia,1,1,1
Escuela Primaria Común N° 02 Domingo Faustino Sarmiento: Mejora Edilicia,1,1,1
Escuela Primaria Común N° 23 Gral. De División Manuel N. Savio: Mejora Edilicia,1,1,1
Esc. Primaria Común N° 02 Patria Grande: Obras generales.,1,1,1
Escuela Primaria Común N° 10 Joaquí­n Marí­a Cullen: Mejora Edilicia.,1,1,1
Escuela Primaria Común N° 03 Policí­a Federal Argentina: mejora edilicia.,1,1,1
Escuela De Comercio N° 33 Maipú: mejora edilicia.,1,1,1
Escuela Primaria Común N° 01 Dr. Antonio Dellepiane: Mejora Edilicia,1,1,1
Escuela De Comercio N° 31 Naciones Unidas: Mejora Edilicia,1,1,1
Escuela Primaria Común N° 14 Dr. Luis Agote: Mejora Edilicia,1,1,1
Escuela Primaria Común N° 21 Lic. Justo José Nuñez: Mejora Edilicia,1,1,1
Escuela Primaria Común N° 02 Tomás Santa Coloma: Mejora edilicia.,1,1,1
Escuela Primaria Común N° 11 Dr. Enrique Mosca: Mejora Edilicia,1,1,1
Escuela De Educ. Espec. Y Form. Lab. N° 04 Dr. Rafael Luis Arcon: Mejora Edilicia.,1,1,1
Esc. Primaria Común N° 14 Islas Malvinas: Obras generales.,1,1,1
Escuela Infantil N° 06: Obra de infraestructura,1,1,1
Escuela Primaria Común N° 08 Cnel. Ing. Pedro Antonio Cerviño: Mejora Edilicia,1,1,1
Esc. Primaria Común N° 07 República írabe De Egipto: Obras generales.,1,1,1
Escuela Primaria Común N° 10 Ada Marí­a Elflein: Obra de infraestructura.,1,1,1
Esc. De Educación Media N° 01 E. Reingreso: Obras generales.,1,1,1
Escuela De Comercio N° 27 Antártida Argentina / Escuela De Comercio N° 04 Baldomero Fernández Moreno: Mejora Edilicia,1,1,1
Escuela Primaria Común N° 09 Homero Manzi: Mejora Edilicia,1,1,1
Escuela Técnica N° 27 Hipólito Yrigoyen: mejora edilicia.,1,1,1
Colegio N° 15 Revolución De Mayo/Colegio N° 06 Manuel Belgrano: Obra de infraestructura.,1,1,1
Centes 3 (Anexo): mejora edilicia.,1,1,1
Escuela De Educación Media N° 03: Mejora Edilicia,1,1,1
Esc. Primaria Común N° 18 Republica De Corea: Obras generales.,1,1,1
Proyecto Remida: Obras generales.,1,1,1
Jardí­n De Infantes Integral N° 08 Marí­a Angela Schiavoni De López: Mejora Edilicia,1,1,1
Esc. Primaria Común N° 23 Belisario Roldan: Obras generales,1,1,1
Escuela Primaria Común N° 18 Jorge Newbery: Obra de infraestructura,1,1,1
Escuela Superior De Comercio N° 03 Hipólito Vieytes: Mejora Edilicia.,1,1,1
Esc. Primaria Común N° 17 Tte. Gral. Luis Maria Campos: Obras generales.,1,1,1
Escuela Primaria Común N° 10 Republica Del Ecuador: Mejora Edilicia.,1,1,1
Esc. Primaria Común N° 23 Republica de Portugal: Obras generales.,1,1,1
Centes N° 4: Mejora Edilicia,1,1,1
Escuela Primaria Común N° 17 Dr. Juan Balestra: Mejora Edilicia,1,1,1
Escuela Primaria Común N° 04 Cnel. Isidoro Suarez: Mejora Edilicia,1,1,1
Escuela Primaria Común N° 15 Provincia De Santa Fe: Mejora Edilicia,1,1,1
Esc. Primaria Común N° 25 Estados Unidos de América: Obras generales.,1,1,1
Escuela Primaria Común N° 17 Francisco De Vitoria: Obra de infraestructura.,1,1,1
Escuela Técnica N° 33 Fundición Maestranza Del Plumerillo: Mejora edilicia.,1,1,1
Escuela Primaria Común N° 24: Mejora Edilicia.,1,1,1
Esc. Primaria Común N° 08 Base Aérea Vicecomodoro Marambio: Obras generales,1,1,1
IES En Lenguas Vivas Juan Ramón Fernández De 1 (Nivel Secundario),1,1,1
Polideportivo Colegio N° 03 Mariano Moreno: Obra de infraestructura,1,1,1
Polo educativo Lugano - Escuela de Educación Primaria N.° 7 D.E. 21,1,1,1
Jin A (01/15): Obras generales,1,1,1
Escuela Primaria Común N° 03 Angela M. De Caviglia: mejora edilicia.,1,1,1
Escuela de Educación Media N.° 5 D.E. 19,1,1,1
Esc. Normal Superior N° 09 Domingo Faustino Sarmiento: Obras generales.,1,1,1
Polo Educativo Mugica: Escuelas Infantil N° 5,1,1,1
Jardin de Infantes Integral N° 17 D.E 5,1,1,1
Hospital Alvear - Infraestructura Y Seguridad,7,1,5
"Hospital Alvear - Trabajos De Instalaciones Termo Mecánicas Y Eléctricas En Pabellón N° 1, Etapa 3",7,1,5
Hospital Ramos Mejí­a - Remodelación Del Sector De Guardia,7,1,5
Hospital Ramos Mejí­a - Infraestructura Y Seguridad,7,1,5
Hospital Durand - Infraestructura Y Seguridad - 2° Etapa,7,1,5
Hospital Durand - Remodelación Del Sector De Guardia,7,1,5
Hospital Durand - Infraestructura Y Seguridad - 1° Etapa,7,1,5
Hospital Piñero - Infraestructura Y Seguridad,7,1,5
Hospital Argerich - Remodelación Del Sector De Guardia,7,1,5
Hospital Penna - Infraestructura y seguridad - 2° Etapa,7,1,5
Hospital Fernández - Infraestructura Y Seguridad - 2° Etapa,7,1,5
Hospital Rivadavia - Infraestructura y Seguridad,7,1,5
Hospital Tornú - Remodelación Del Sector Guardia,7,1,5
Hospital Pirovano - Readecuación Local Residuos Peligrosos,7,1,5
Barrio Pirelli: Reacondicionamiento De Plaza Scapino Y Equipamiento De Plaza Del Vagón,2,1,9
"Entorno Cildañez: Boulevard De La Salle Y Manzana A: Reacondicionamiento En Sector Entre Canchas Y Contrapiso Patio De Juegos Y Manzana 'A', Revoque En Pasillos",2,1,9
"Entorno Cildañez: Manzana C - Infraestructura Pluvial, Cloacal, Agua Corriente Y Veredas",4,1,9
Cancha Y Plaza Castañares y Lacarra,2,1,9
Barrio 1 11 14: Infraestructura De Servicios Y Solados En Pasajes De Manzana 28 Y 29 (Sector 1 Y 2),4,1,9
"Barrio 1 11 14: Infraestructura De Servicios Y Solados En Pasajes Y Pasillos De Manzana 1, 2 Y 3 (Sector 1 Y 2)",4,1,9
Distrito De Las Artes: Plaza Verde Usina Del Arte,2,1,3
Barrio Los Piletones: Plaza En Manzana 4,2,1,3
Canil Parque Lezama,2,1,8
Canil Parque Patricios,2,1,8
Canil Plaza Armenia,2,1,8
Canil San Martin,2,1,8
Canil Centenario - C1,2,1,8
Canil Centenario - C2,2,1,8
Canil Centenario - C3,2,1,8
Reserva Ecológica. Nuevo borde costero - Playa.,2,1,8
Reserva Ecológica: Rambla,2,1,8
9 de Julio - Uade,2,1,8
Parque Centenario: Veredas,2,1,8
Campaña del Chaco: Puesta en valor,2,1,8
Biblioteca Julio Cortázar - Casa De La Lectura: Puesta En Valor,5,1,7
Barrio 20 y Celedonio Escalada: Alumbrado público general,2,1,9
Barrio 1 11 14: Cancha Varela Y Frentes Perito Moreno,2,1,9
Barrio 31: Cedel,5,1,9
"Destacamentos De Bomberos: Remodelación Cuartel de Bomberos III ""BARRACAS"" ",5,1,3
Instituto Superior De Seguridad Pública: Ampliación Polí­gono De Tiro,5,1,3
Polo Larrazabal - Jardí­n de Infantes Integral N.° 10 D.E. 21,1,1,1
Escuela de Educación Primaria N.° 11 D.E. 21,1,1,1
Polo Piedrabuena -Jardí­n de Infantes Integral N.° 4 D.E. 20,1,1,1
Esc. Primaria Común N° 6 Ernesto Alejandro Bavio: Obras generales.,1,1,1
Esc. Primaria Común N° 15 Antonio Devoto: Obras generales.,1,1,1
Esc. Primaria Común Grecia: Obras generales.,1,1,1
Esc. Politécnica Manuel Belgrano: Obras generales,1,1,1
Esc. de Educación Especial N° 21 Rosario Vera Peñaloza: Obras generales,1,1,1
Esc. Pimaria Común N° 23 República De Portugal: Obras generales,1,1,1
Esc. Primaria Común N° 14 Hogar Naval Stella Maris: Obras generales.,1,1,1
Esc. Primaria Común N° 12 Prof. Rodolfo Senet: Obras generales,1,1,1
Esc. Primaria Común N° 7 Manuel J. Garcí­a: Obras generales.,1,1,1
Esc. Pimaria Común N° 10 Alfonsina Storni: Obras generales.,1,1,1
Esc. Primaria Común N° 22 Agronomí­a: Obras generales,1,1,1
Esc. Primaria Común N° 27 Petronilla Rodriguez: Obras generales,1,1,1
Esc. Primaria Común N° 7 Niñas De Ayohuma: Obras generales,1,1,1
Esc. Primaria Común N° 19 Bartolina Sisa: Obras generales.,1,1,1
Esc. Primaria Común N° 2 Alejandro Aguado: Obras generales,1,1,1
Esc. Primaria Común N° 12 Prof. Rodolfo Senet: Obras generales,1,1,1
Eem N° 2 Rumania: Obras generales.,1,1,1
Esc. Primaria Común N° 14 Simón Bolivar: Obras generales,1,1,1
Esc. Técnica N° 32 Gral. J. De San Martí­n: Obras generales.,1,1,1
Jardí­n Infantil integral N.Â° 18 D.E. 5,1,1,1
Esc. Normal Superior N° 09 Domingo Faustino Sarmiento: Obras generales,1,1,1
Barrio Los Piletones: Mejoras De Frentes - Etapa 2,3,1,3
Entorno Cildañez: Ejecución De Vivienda En Lote 1-Frente Norte-Calle Horacio Casco - Villa 6,3,1,3
"Entorno Cildañez: Pavimento, Veredas, Desagí¼es Pluviales Y Alumbrado Público",8,1,3
"Distrito Del Deporte: Canchas De Futbol En Club Social, Cultural Y Deportivo Unidos De Mataderos Barrio Pirelli",2,1,3
Barrio Los Piletones: Reparación De Cañerí­a De Impulsión Cloacal Y Ejecución De Cámara De Aquietamiento,8,1,3
Barrio 31: Anexo Cedel (Oficina Afip - Agip),5,1,9
Entorno Cildañez: Demolición De Vivienda Lote Nº 02 - Calle Horacio Casco Mza C - Frente Norte - Barrio Cildañez,8,1,3
Barrio Los Piletones: Mejoramiento Del Sector Liberado Sobre El Lago Soldati Manzana Nº 10,8,1,3
Parque Roca: Reconstrucción De Cerco En Canchas De Tenis - Acceso C Parque Roca,2,1,3
Buenos Aires Playa 2017: Parque Indoamericano - Obra Civil,2,1,3
Calle Paraguay: Ampliación de aceras,2,1,8
Autódromo Oscar Y Alfredo Gálvez: Puesta En Valor Autódromo De Bs. As. Oscar Y Juan Gálvez - Provisión E Instalación De Butacas En Horquilla,2,1,3
Autódromo Oscar Y Alfredo Gálvez: Puesta En Valor Autódromo De Bs. As. Oscar Y Juan Gálvez - Provisión E Instalación De Cartelerí­a Publicitaria,2,1,3
Autódromo Oscar Y Alfredo Gálvez: Puesta En Valor Autódromo De Bs. As. Oscar Y Juan Gálvez - Provisión E Instalación De Maceteros Frente A Platea A,2,1,3
Autódromo Oscar Y Alfredo Gálvez: Puesta En Valor Autódromo De Bs. As. Oscar Y Juan Gálvez - Provisión E Instalación De Maceteros Frente A Platea B,2,1,3
Autódromo Oscar Y Alfredo Gálvez: Puesta En Valor Autódromo De Bs. As. Oscar Y Juan Gálvez - Provisión E Instalación De Maceteros En Plaza De Honor,2,1,3
Subterráneos - Lí­nea E: Sistema de señales,6,1,2
Subterráneos - Lí­nea E: Sistema de comunicaciones,6,1,2
Subterráneos - Lí­nea E: Implementación del Sistema Scada de Energí­a y Auxiliares,6,1,2
Subterráneos - Lí­nea E: Traspaso de obras a la Ciudad,6,1,2
Subterráneos - Lí­nea  E: Obra complementaria cochera - Taller Lacarra,6,1,2
Subterráneos - Lí­nea E: Dos puentes grúa,6,1,2
Manzana 66: Remediación y Demolición San Isidro Labrador,2,1,2
Av. Triunvirato: Apertura,6,1,2
Centro de Trasbordo Federico Lacroze,6,1,2
Dique 0 - Caminabilidad,2,1,2
Dique 0 -Licitación 1,2,1,2
Dique 0 -Licitación 2,2,1,2
Avellaneda,2,1,6
Latinoamérica,2,1,6
Ciudad de banff,2,1,6
Ejército de los Andes,2,1,6
Metrobus San Martí­n,6,1,2
Sede del Ministerio de Hábitat y Desarrollo Humano - Construcción de la nueva sede del Ministerio de Desarrollo Humano y Hábitat,5,1,2
Parque de la Innovación- Licitacion N1,2,1,2
Puente Lacarra,6,1,2
Terraza verde CEC / Plaza República Federativa de Brasil,2,1,2
Viaducto Mitre,6,1,2
Viaducto San Martí­n,6,1,2
Parque del Bajo: Corrimiento Av. Rábida,2,1,2
Parque del Bajo: playa de estacionamiento y regulación.,2,1,2
Puente Argerich,6,1,2
Museo de Arte Moderno de Buenos Aires,5,1,2
"Sistema hidrometeorológico integral de Observación, Vigilancia y Alerta",4,1,2
Paso Bajo Nivel Balbí­n: Aliviadores,4,1,2
Ex Au 3: Soluciones Habitacionales IV,5,1,2
Ex Au 3: Soluciones Habitacionales V,5,1,2
Plaza de Mayo: Puesta en Valor,2,1,8
Laterales ví­as del tren,2,1,8
Parque voley playa.,2,1,8
Agronomí­a - Circuito Aeróbico,2,1,8
Parque Avellaneda: Nuevo circuito aeróbico,2,1,8
Vagón La Burgoise en FADU-UBA: Proyecto,2,1,8
Ex Banco Argentino Uruguayo: Conservación de la fachada,2,1,8
Plaza Miserere: Puestos gastronómicos,2,1,8
Plaza Lavalle: Puestos de libreros,2,1,8
Plan Liniers,2,1,8
Plan Constitución,2,1,8
Entorno Hospital Gutierrez,2,1,8
25 de Mayo: Reparación de veredas,2,1,8
Av. Boedo: Reparación de veredas,2,1,8
Av. Bartolomé Mitre: Reparación de veredas,2,1,8
Av. Lacroze: Reparación de veredas,2,1,8
Av. Santa Fe: Reparación de veredas,2,1,8
Av. Triunvirato 1: Reparación de veredas,2,1,8
Av. Triunvirato II: Reparación de veredas,2,1,8
Av. Medrano 1: Reparación de veredas,2,1,8
Av. Callao II: Reparación de veredas,2,1,8
Centro de Transbordo: Reparación de veredas,2,1,8
Montiel: Reparación de veredas,2,1,8
Destacamentos De Bomberos: Destacamento de Bomberos - La Boca ,5,1,3
Destacamentos De Bomberos: Remodelación Cuartel De Bomberos VIII - Nueva Chicago,5,1,3
Destacamento Barrial:  Calle Coronel M. Chilavert NÂ° 1928 - 1946,5,1,3
Barrio Los Piletones: Electrificación 2º Etapa â Conjunto Habitacional Barrio Los Piletones,8,1,3
Barrio Los Piletones: Puesta en Valor Pasillo y B.R. de Mz 9 y 10 â Sector lindero Lago Barrio Los Piletones,8,1,3
Barrio Los Piletones: Reparaciones En Las Redes De Agua Potable Y Colectoras Cloacales,8,1,3
"Barrio Los Piletones: Demoliciones Poligono ""A"" De Manzana 10 ",8,1,3
"Barrio Los Piletones: Demoliciones Poligono""B"" Y ""E"" De Manzana 10 ",8,1,3
"Barrio Los Piletones: Demoliciones Poligono ""C"" De Manzana 10 ",8,1,3
"Barrio Los Piletones: Readecuación Vivienda en Poligono ""D"" De Manzana 10 - Casa 39",5,1,3
Barrio Los Piletones: Sendero 14 De Mayo,8,1,3
"Barrio Los Piletones: Demolición Y Construcción De Nueva Vivienda Casa 35/36 Poligono ""D"" Manzana 10",5,1,3
"Barrio Los Piletones: Demolición Y Construcción De Nueva Vivienda Casa 31 Poligono ""D"" Manzana 10",5,1,3
"Barrio Los Piletones: Demoliciones Poligono ""F"" De Manzana 10",8,1,3
Barrio Nueva Esperanza: Demolición  Vivienda Perilago,8,1,3
Barrio Los Piletones: Construcción De Edificio NÂ° 27 Manzana NÂ° 199 - Complejo Habitacional Los Piletones,3,1,3
Barrio Los Piletones: Demoliciones Casa 52 Manzana 10 ,8,1,3
Distrito Del Deporte: Club Atlético Huracán - La Quemita - Muro  De Cierre,5,1,3
"Autódromo Oscar Y Alfredo Gálvez: Puesta En Valor Autódromo De Bs. As. Oscar Y Juan Gálvez -  Instalación De Cubierta Sobre Palco ""A""",2,1,3
"Autódromo Oscar Y Alfredo Gálvez: Puesta En Valor Autódromo De Bs. As. Oscar Y Juan Gálvez -  Instalación De Cubierta Sobre Palco ""B""",2,1,3
"Autódromo Oscar Y Alfredo Gálvez: Bacheo En Autodromo De Bs. As. Oscar Y Juan Galvez-Bacheo En  Calle Interna 
",2,1,3
Barrio 59 Viviendas: Reparaciones Eléctricas Domiciliarias ,3,1,3
Barrio 59 Viviendas: Reparaciones En Instalación De Gas Natural,3,1,3
Barrio 59 viviendas: Recambio de tanques y mejoras en espacios comunes â Complejo Habitacional N. Kirchner â 59 viviendas,3,1,3
Parque Roca: Reacondicionamiento Sector Piletas Adultos,2,1,3
Parque Roca: Reacondicionamiento Sector Pileta Infantil,2,1,3
Parque Roca: Puesta En Valor Vestuarios Y Administración,2,1,3
Buenos Aires Playa 2018: Parque Indoamericano - Obra Civil,2,1,3
Buenos Aires Playa 2018: Parque Indoamericano - Instalación Eléctrica,2,1,3
Buenos Aires Playa 2018: Parque Indoamericano  - Mantenimiento,2,1,3
"Consejo Niños, Niñas Y Adolescentes: Refacción Baños C.A.T.- Castañon 1040 - CABA",5,1,3
"Consejo Niños, Niñas Y Adolescentes: Ampliación Cocina Y Nuevo Lavadero C.A.T - Castañon 1040",5,1,3
Obras Comuna 1: Pintura De Fachada Luis Saenz Peña Nº 1620- Caba,3,1,3
"Barrio Padre Mújica: Construcción Comedor ""La Misión""",5,1,3
Obras Comuna 4: Dique Cero Caminabilidad - Etapa 1,2,1,3
Parque de las Victorias: Campo de Deportes para Suboficiales de la Policí­a Federal ,5,2,3
Plaza Irlanda: Patio de juegos,2,1,6
Plaza Guillermo y Alfredo Barbieri,2,1,6
Plaza Saara Vaamonde,2,1,6
Pista Atletismo,2,1,6
Subterráneos - Lí­nea H,6,1,2
Área 30 en Villa Real,2,1,2
Sede de Gobierno,5,1,2
Centro Deportivo de Tiro y Anexo - Lic 1 - Areas exteriores,5,1,2
Paso bajo nivel Congreso,6,1,2
Teatro Colón: Instituto Superior de Arte - adecuación 1° a 9° piso,5,1,2
"Oficinas Públicas: Edificio Cervantes PB, 4to piso y terraza.",5,1,2
Oficinas Públicas: Edificio Jean Jaures. Demolición.,5,1,2
Oficinas Públicas: Edificio Jean Jaures. Obra.,5,1,2
Manzana Cí­vica,5,1,2
Arroyo Maldonado: Ramales secundarios grupo A,4,1,2
Paseo del Bajo: Liberación de traza - Prefectura Naval Argentina,2,1,2
Parque del Bajo: Traslado de árboles - Obras preliminares.,2,1,2
Parque del Bajo: Traslado de monumentos - Obras preliminares.,2,1,2
Corbeta Uruguay,6,1,2
Teatro Colón: mantenimiento techo escenario principal,5,1,2
Barrio 31: Galpón,5,1,9
Barrio 31: Oficina 99,5,1,9
Barrio 31: Cesac 47,5,1,9
Barrio 31: Portal,5,1,9
Barrio 31: Feria,2,1,9
Barrio 31: Cancha Y Plaza Vilma,2,1,9
Barrio 31: Playón Oeste,2,1,9
Barrio Los Piletones: Skate Park Polideportivo,5,1,9
Barrio 31: Perette Veredas,2,1,9
Barrio 31: CeSAC provisorio,7,1,9
Barrio 31: Mejoramiento Colegio Filii Dei,1,1,9
Barrio 31: Casa de la Juventud/Centro de Adicciones,2,1,9
Barrio 31: Cancha Chica,2,1,9
Barrio 31: Bichito de Luz,2,1,9
Barrio 31: Saldí­as,2,1,9
"Barrio 31: Viviendas Containera, Emplaque.",3,1,9
"Barrio 31: Vivienda Containera, Agrupada",3,1,9
"Barrio 31: Viviendas YPF, etapa I",3,1,9
Barrio 31: Abordaje exterior Fachadas Feria.,3,1,9
Barrio 31: Torres y Los Lápices,2,1,9
Barrio 31: Comunicaciones,2,1,9
Barrio 31: Cancha 5,2,1,9
Barrio 31: Completamiento de la Infraestructura existente,4,1,9
Barrio 31: Renovación de la infraestructura existente,4,1,9
Villa Olimpica: Ejecución De Tareas Vinculadas A Sistemas De Porteros Eléctricos  â Manzanas: B1 â B2 â B4,5,1,3
Ramal Austria II,4,1,2
Barrio Las Palomas: Mejoras En Frentes Etapa 2º - Conjunto Las Palomas,3,1,3
Recuperación Y Renovación De Accesos En Av. General Paz,2,1,8
Autódromo Oscar Y Alfredo Gálvez: Puesta En Valor Autódromo De Bs. As. Oscar Y Juan Gálvez - Provisión E Instalación De Butacas En Platea B,2,1,3
Barrio 31: Infraestructura y espacio público Viviendas Containera,4,1,9
Barrio 31: Perette Troncales,4,1,9
Barrio 31: Centro Barrial - Hogar de Cristo,5,1,9
Barrio Papa Francisco: Etapa 5,3,1,4
Barrio 31: Casa del Pueblo,5,1,9
Jardí­n de Infantes Integral N.° 13 D.E. 20,1,1,1
Nuevo Cesac Nº25 Barrio 31,7,1,5
Nuevo Cesac Nº21 Barrio 31,7,1,5
Nuevo Cesac Comuna 7,7,1,5
Nuevo Cesac Villa Luro,7,1,5
Casa de medio Camino (Alvarez Thomas),7,1,5
Centro Transformación Instalación Eléctrica del Hospital Argerich,7,1,5
Sala de gases médicos,7,1,5
Guardia nueva,7,1,5
Quirófanos,7,1,5
Red Troncal Eléctrica,7,1,5
Obra de Descarga,4,1,2
Túnel TBM (5.883 m),4,1,2
Túnel Pipe Jacking (2.396 m),4,1,2
Túnel natm ramal Elcano (441m),4,1,2
Túnel natm Victorica (68 m),4,1,2
Cámaras derivadoras,4,1,2
Parque de la Estación - Espacio Público,2,1,8
Parque de la Estación -Galpón,2,1,2
Subterráneos - Lí­nea E: Extensión - Escaleras mecánicas,6,1,2
"Barrio 31: Guemes 11 y 16, Mejoramiento Integral",3,1,9
"Barrio 31: YPF 22, mejoramiento Integral",3,1,9
Barrio 31: Manzana G1,3,1,9
Barrio 31: Polo Educativo Marí­a Elena Walsh,1,1,9
Eje radial,4,1,9
Lactario y cocina central -Obra y relocalización,7,1,5
Pabellón San Camilo (Apuntalamiento y Demolición),7,1,5
Escuela Infantil N.° 8 D.E. 15 - Siglo XXI,1,1,1
ISPEE - Siglo XXI,1,1,1
Intendente Casares Intervención Total,2,1,6
Plaza Dr Carlos S Lamas Remodelación Patio de Juegos,2,1,6
Plaza 25 de agosto Remodelación Patio de Juegos,2,1,6
Plaza Aristóbulo del Valle Remodelación Patio de Juegos,2,1,6
Polo educativo Maria Elena Walsh - Escuela Infantil N.° 11 D.E. 1,1,1,1
Polo educativo Maria Elena Walsh - Escuela de Educación Primaria N.° 11 D.E. 1,1,1,1
Polo educativo Maria Elena Walsh- Adultos,1,1,1
Escuela Primaria Común N° 27 Manuel De Sarratea: Mejora edilicia.,1,1,1
Jardí­n de Infantes Integral N.° 10 D.E. 1,1,1,9
Prefectura Naval Argentina Incorporación de Riego,2,1,6
Delom Incorporación de Riego,2,1,6
De los Vecinos Incorporación de Riego,2,1,6
Mariano Saavedra Incorporación de Riego,2,1,6
Ecoparque: Plaza Italia y Zona Libertador,5,1,2
Ecoparque: Centro de Rescate de Fauna Marina,5,1,2
Ecoparque: Nuevo Reptilario,5,1,2
Ecoparque: Loros y Palomar,5,1,2
Ecoparque: Templo de Vesta,5,1,2
Ecoparque: Glorieta,5,1,2
Ecoparque: puesta en valor del Hospital de Fauna Silvestre y Nursery,5,1,2
Ecoparque: 1 B,5,1,2
Plaza Flores,2,1,8
Mercado del Progreso,2,1,8
Confiterí­a del Molino - cúpula,5,1,8
Confiterí­a de Molino - cubierta,5,1,8
Confiterí­a de Molino - fachadas,5,1,8
Parque Estación Buenos Aires,2,1,8
Parque Avellaneda - Restauración pista de atletismo,2,3,8
Casa Cuna II,5,3,8
Playa Ferroviaria - etapa I,2,1,8
Nueva Traza de la Autopista Illia,6,4,2
Paso Bajo Nivel Congreso -FFCC Mitre -Mitre,6,1,2
Barrio 31: Centro de formacion profesional N°38,1,1,9
Barrio 31: Abordaje Exterior 2 Perette y Avellaneda,3,1,9
Barrio 31: Abordaje Exterior 3 Lápices y Ledesma,3,1,9
"Barrio 31: Cristo Obrero 12 y 14, Mejoramiento Integral",3,1,9
Barrio 31: Cancha 7,2,1,9
Barrio 31: Relocalización Cesac 21,7,1,9
Barrio 31: Casa de la Cultura,5,1,9
Barrio 31: Espacio Publico YPF,2,1,9
Barrio 31: Cancha Ledesma,2,1,9
Centro Deportivo de Tiro y Anexo - Lic 2 - Edificio principal y anexos,5,1,2
Deposito de las Artes - Fábrica Colón,5,1,2
Readecuación Parque Olimpico,2,4,2
Centro Penitenciario Federal VII - Ricardo Gutierrez Lic 1 - Infraestructura y edificios de apoyo,5,1,2
Centro Penitenciario Federal VII - Ricardo Gutierrez Lic 2 - Institutos 1 y 3,5,2,2
Centro Penitenciario Federal VII - Ricardo Gutierrez Lic 3 - Institutos 2 y 4,5,2,2
Mejoramiento de la eficiencia hidráulica del Emisario principal del Arroyo Medrano â Tramo de 2 Y 3 Celdas,4,1,2
Playa Ferroviaria Palermo - Etapa 1,5,1,2
Sede del Ministerio de Hábitat y Desarrollo Humano - Parque Público y Calles Entorno,2,1,2
Distrito De Las Artes: Club Deportivo GIUFFRA - Sistema De Iluminación,5,1,3
Distrito Del Deporte: Refacción Y Ampliación De Polideportivo Martinez Castro - D.D.Nº19 ,5,1,3
"Destacamento De Bomberos: Remodelación Cuartel De Bomberos II ""Patricios""",5,1,3
Destacamento De Bomberos: Remodelación De Núcleos Sanitarios-Destacamento Ger Caballito,5,1,3
Barrio Los Piletones: Mejoras En Frentes 3Â° Etapa,3,1,3
Barrio Los Piletones: Demoliciones Casas 13/1 Y 13/2 Manzana 11,8,1,3
Barrio Los Piletones: Movimientos De Suelos â Nueva Plaza En Manzana 195 - Complejo Habitacional Los Piletones,2,1,3
"Barrio Los Piletones: Hormigón â Nueva Plaza En Manzana 195, Complejo Habitacional Los Piletones",2,1,3
"Barrio Los Piletones: Finalización Plaza En Manzana 195, Complejo Habitacional Los Piletones",2,1,3
"Barrio Los Piletones: Demoliciones, Casas Nº 60-63-64-65, Manzana 10",8,1,3
Barrio Los Piletones: Demoliciones En Manzana 8,8,1,3
Barrio Los Piletones: Pluviales Calle Lacarra â Cloacales Mz. 10 Barrio Los Piletones â Cámara Aquietamiento Carrillo â Pluviales Nueva Esperanza ,8,1,3
"Barrio Los Piletones: Movimiento de suelos para Rap Sendero Mujeres Victoriosas , Complejo Habitacional Los Piletones",8,1,3
Villa Olimpica: Ejecución De Tareas Vinculadas A Sistemas De Porteros Eléctricos â Manzanas: B3 â B5 â B6,5,1,3
Villa Olimpica: Provisión y Colocación de Umbrales Graní­ticos â Villa Olí­mpica,5,1,3
Villa Olimpica: Cubiertas Metálicas Sobre Circulaciones Descubiertas â Edificios Nº 07 y Nº 12 â Villa Olí­mpica,5,1,3
Villa Olimpica: Cubiertas Metálicas Sobre Circulaciones Descubiertas  â Edificio Nº 25 â Villa Olí­mpica,5,1,3
Villa Olimpica: Cubiertas Metálicas Sobre Circulaciones Descubiertas â Edificio Nº 01 â Villa Olí­mpica,5,1,3
"Parque Olí­mpico: Movimientos De Suelo y mantenimiento de espacios verdes sito en el denominado âParque Olí­mpico Sectores A, B, D Y E",2,1,3
Villa Olimpica: Cubiertas Metálicas Sobre Circulaciones Descubiertas â Edificio Nº 02 â Villa Olí­mpica,5,1,3
Distrito Del Deporte: Remodelación De Cancha Cubierta En Club Jóvenes Deportistas,5,1,3
Barrio Los Piletones: Agua Piletones- Impulsión Carrillo,8,1,3
Buenos Aires Playa 2019: Parque Indoamericano - Obra Civil,2,1,3
Buenos Aires Playa 2019: Parque Indoamericano- Instalación Eléctrica,2,1,3
Buenos Aires Playa 2019: Parque Indoamericano- Mantenimiento,2,1,3
Readecuación â Ex Destacamento de Motos - POLICIA DE LA CIUDAD,2,1,3
Distrito Del Deporte: Natatorio cubierto â Parque de la Ciudad,5,2,3
"Barrio Los Piletones: Impermeabilización De Cubiertas Y Pintura Exterior En Edificios Nº 01 â Nº 02 â Nº 09, Complejo Habitacional Los Piletones",5,1,3
"Barrio Los Piletones: Impermeabilización De Cubiertas Y Pintura Exterior En Edificios Nº 05 â Nº 06 â Nº 19, Complejo Habitacional Los Piletones",5,1,3
"Barrio Los Piletones: Impermeabilización De Cubiertas Y Pintura Exterior En Edificios Nº 07 â Nº 08, Complejo Habitacional Los Piletones",5,1,3
"Barrio Los Piletones: Impermeabilización De Cubiertas Y Pintura Exterior En Edificios Nº 17 â Nº 18, Complejo Habitacional Los Piletones",5,1,3
Villa Olimpica: Cubiertas Metálicas Sobre Circulaciones Descubiertas â Edificio Nº 03 â Villa Olí­mpica,5,1,3
Villa Olimpica: Cubiertas Metálicas Sobre Circulaciones Descubiertas â Edificio Nº 04 â Villa Olí­mpica,5,1,3
Villa Olimpica: Cubiertas Metálicas Sobre Circulaciones Descubiertas â Edificio Nº 05 â Villa Olí­mpica,5,1,3
Villa Olimpica: Cubiertas Metálicas Sobre Circulaciones Descubiertas â Edificio Nº 10 â Villa Olí­mpica,5,1,3
Villa Olimpica: Cubiertas Metálicas Sobre Circulaciones Descubiertas â Edificio Nº 16 â Villa Olí­mpica,5,1,3
Villa Olimpica: Cubiertas Metálicas Sobre Circulaciones Descubiertas â Edificio Nº 18 â Villa Olí­mpica,5,1,3
Villa Olimpica: Cubiertas Metálicas Sobre Circulaciones Descubiertas â Edificio Nº 26 â Villa Olí­mpica,5,1,3
Villa Olimpica: Cubiertas Metálicas Sobre Circulaciones Descubiertas â Edificio Nº 27 â Villa Olí­mpica,5,1,3
Villa Olimpica: Cubiertas Metálicas Sobre Circulaciones Descubiertas â Edificio Nº 28 â Villa Olí­mpica,5,1,3
Villa Olimpica: Cubiertas Metálicas Sobre Accesos â Edificio Nº 01 â Villa Olí­mpica,5,1,3
Villa Olimpica: Cubiertas Metálicas Sobre Accesos â Edificio Nº 03 â Villa Olí­mpica,5,1,3
Villa Olimpica: Cubiertas Metálicas y Desbordes de Agua En Pasarelas â Edificio Nº 04 â Villa Olí­mpica,5,1,3
Villa Olimpica: Cubiertas Metálicas Sobre Accesos â Edificio Nº 10 â Villa Olí­mpica,5,1,3
Villa Olimpica: Cubiertas Metálicas y Desbordes de Agua En Pasarelas â Edificios Nº 14 y Nº 15 â Villa Olí­mpica,5,1,3
Villa Olimpica: Cubiertas Metálicas y Desbordes de Agua En Pasarelas â Edificios Nº 16 â Villa Olí­mpica,5,1,3
Villa Olimpica: Cubiertas Metálicas y Desbordes de Agua En Pasarelas â Edificios Nº 17 â Villa Olí­mpica,5,1,3
Villa Olimpica: Cubiertas Metálicas y Desbordes de Agua En Pasarelas â Edificios Nº 18 y Nº 20 â Villa Olí­mpica,5,1,3
Villa Olimpica: Cubiertas Metálicas y Desbordes de Agua En Pasarelas â Edificios Nº 25 â Villa Olí­mpica,5,1,3
Villa Olimpica: Cubiertas Metálicas y Desbordes de Agua En Pasarelas â Edificios Nº 26 â Villa Olí­mpica,5,1,3
Villa Olimpica: Cubiertas Metálicas y Desbordes de Agua En Pasarelas â Edificios Nº 27 y Nº 29 â Villa Olí­mpica,5,1,3
Villa Olimpica: Readecuación Instalación Eléctrica Edificio Nº 07 - Barrio Olí­mpico,5,1,3
Villa Olimpica: Readecuación Instalación Eléctrica Edificio Nº 08 - Barrio Olí­mpico,5,1,3
Villa Olimpica: Readecuación Instalación Eléctrica Edificio Nº 09- Barrio Olí­mpico,5,1,3
Villa Olimpica: Readecuación Instalación Eléctrica Edificio Nº 28- Barrio Olí­mpico,5,1,3
Villa Olimpica: Readecuación Instalación Eléctrica Edificio Lago Sur - Barrio Olí­mpico,5,1,3
Villa Olimpica: Obra Civil Adecuación Local Para Centro De Transformación Edificio Nº 28 - Barrio Olí­mpico,5,1,3
Villa Olimpica: Obra Civil Adecuación Local Para Centro De Transformación Edificio Lago Sur - Barrio Olí­mpico,5,1,3
Distrito Del Diseño: Pintura exterior Club Santa Lucia â Av. Montes de Oca Nº 1517 CABA,5,1,3
Barrio Los Piletones: Reductores De Velocidad Vial Y Refacción â Calles Del Complejo Habitacional Los Piletones,8,1,3
Barrio Los Piletones: Reductores De Velocidad Vial Y Refacción  â Calle Ana M. Janer y Mujeres Luchadoras â Barrio Los Piletones,8,1,3
Barrio Los Piletones: Reductores De Velocidad Vial Y Refacción  â Calle Lacarra â Barrio Los Piletones,8,1,3
Barrio Los Piletones: Reductores De Velocidad Vial Y Refacción  â Calle Plumerillo â Barrio Los Piletones,8,1,3
Distrito De Las Artes: Sala de lectura y sanitario para niños en Usina del Arte,5,1,3
Villa Olí­mpica: Demoliciones en el Parque de la Ciudad,3,1,2
Villa Olí­mpica: Red de agua y cloacas,4,1,2
Villa Olí­mpica: Infraestructura eléctrica,4,1,2
Villa Olí­mpica: Estación reguladora y distribución de gas,4,1,2
Villa Olí­mpica: Centro de Desarrollo Infantil Rayito de Sol,1,1,2
Villa Olí­mpica: Red vial y pluvial,4,1,2
Villa Olí­mpica: Espacio público,2,1,2
Hospital Ramón Sarda. Remodelación Sector UCI 2° Piso: Área Terapia Intensiva e Intermedia -,7,1,5
Ampliación del Servicio de Internación de Transplante de Médula Osea,7,1,5
Construcción de Nuevo Centro de Potencia,7,1,5
"Remodelación Pabellón K, Servicio Endocrinologí­a, Hospital ílvarez",7,1,5
Remodelación oficinas COPS en Consultorios Externos.,7,1,5
Tareas varias en Ascensores,7,1,5
"Nuevo suministro de agua frí­a general, y pab 3 y 8",7,1,5
Depósitos y Talleres,7,1,5
Consultorios externos y Sala 2 (Termomecánica),7,1,5
Tomógrafo,7,1,5
Plaza San Miguel de Garicoits Patio de Juegos,2,1,6
Parque Saavedra Patio de Juegos,2,1,6
Plaza Unidad Latinoamericana Patio de Juegos,2,1,6
Plaza Crisólogo Larralde Canil Nuevo,2,1,6
Plaza Chile Canil Nuevo,2,1,6
Plaza Pichon Riviere Intervención Total,2,1,6
Plaza Roma Intervención Total,2,1,6
"Parque Rivadavia Intervención Total (mejora de solado, parquización y provisión de bancos)",2,1,6
Parque Pereyra PLAYON DEPORTIVO,2,1,6
Rodriguez Peña Canil Nuevo,2,1,6
Parque España Incorporación de Riego,2,1,6
Ameghino Incorporación de Riego,2,1,6
Plaza Colombia Incorporación de Riego,2,1,6
Cine del Plata,5,1,2
Colón Fabrica,5,1,7
Defensa (e/Irigoyen y Alsina),2,1,8
Distrito joven - Infraestructura,5,1,2
Museo de la ciudad,5,1,2
Cine El Plata,5,1,2
Cildañez II,8,1,2
Escuela Ferreira ,1,1,2
Alvarez Jonte ,6,1,2
Transporte: MTB II - Demolición Vialidad,6,1,2
Darsena de giro,6,1,2
Barrio 31: Plaza Manzana 99,2,1,9
Papa Francisco: Etapa 1,9,1,9
Orma: 188 viviendas,9,1,9
Nuevo plan | Escuela Técnica N°15 Maipú - Martín García,1,5,1
Nuevo plan | Jardín de Infantes Nº1 D.E. 4º  - Araoz de Lamadrid,1,1,1
"Balcarce+Chile ex: ""Pasajes + Balcarce
Pasaje San Lorenzo + Pasaje Giuffra + Chile (e/ Defensa y Balcarce) +  Balcarce (e/Mexico y Chile)""",2,5,8
Fachadas Patrimoniales Et. 3,5,6,8
Obelisco,5,5,8
PF Colegiales - polígono A,2,1,8
Parque Conmemorativo - Cenotafio Victimas COVID,5,6,8
Cid campeador,5,6,8
Eje Retiro: Renovación de juegos,2,1,8
Yerbal,2,1,8
Plaza Salvador M del  Carril,2,1,8
Conde ,2,1,8
Virrey Aviles/Perón,2,6,8
Paraguay,2,1,8
Borde Plaza San Martin,2,1,8
Maipú,2,6,8
Delfín Gallo,2,6,8
Isabel La Católica,2,6,8
Warnes,2,1,8
Emilio Castro,2,1,8
Gascón,2,1,8
Remedios de Escalada de San Martín,2,5,8
Migueletes,2,6,8
Lambaré,2,1,8
Agrelo,2,6,8
Cinco Esquinas,2,1,8
Venezuela entre Perú y Paseo Colón,2,1,8
México entre Perú y Paseo Colón,2,1,8
Chile entre Defensa y Perú,2,1,8
Balcarce entre Chile e Independencia,2,6,8
Chacabuco entre Belgrano y Juan de Garay + Cruces Nivelados,2,6,8
Bolivar II (e/ Juan de Garay / HPrimo),2,6,8
Fachadas P. Et. 1 - Otto wulff,5,1,8
Bolivar I (e/Independencia y Hprimo),2,1,8
Fachada Mercado de San Telmo,5,1,8
Fachadas P. Et. 2. (bolivar 905),5,1,8
Bolivar III (e/Independencia y Belgrano),2,1,8
Balcarce (e/ Alsina y Belgrano)  + Moreno  (e/Defensa y Balcarce) + Alsina (e/Defensa y Balcarce) ,2,1,8
Perú 2 (e/ Av. Independencia y Av. Juan de garay),2,1,8
Perú 1 (e/Av. Belgrano y Av. Independencia ) ,2,1,8
Tambito,5,1,8
PF Colegiales - polígono B,2,1,8
Fernández de Enciso ,2,1,8
Av. Triunvirato ,2,1,8
Vera ,2,1,8
Aspiracion de polvo en Cv ,5,1,8
Humberto I ,2,1,8
Restauración de Monumentos: Garibaldi (Plaza Italia),5,7,8
Restauración de Monumentos: Templete Plaza Seeber,5,7,8
Restauración de Monumentos: Monumento Francia,5,1,8
Restauración de Monumentos: Riqueza agropecuaria,5,7,8
Plaza Congreso: Renovación de Juegos,2,1,8
Plaza Canadá : Parquización,2,1,8
Planetario: Renovación de luminarias (recambio 360 placas led),2,1,8
Eje Retiro: Iluminación Plaza San Martín,2,1,8
Florida/Perú: Puesta en valor,2,1,8
Esquinas Microcentro (incluye Reconquista),2,1,8
Plaza  Italia: Puesta en valor ,2,1,8
Parque Tres de Febrero: Iluminacion,2,1,8
Puente de la Mujer,2,1,8
Paso bajo nivel Luis Maria Campos,2,1,8
Puente Bulnes,2,1,8
Puente Mario Bravo,2,1,8
Puente Billinghurst,2,1,8
Plaza del Congreso,2,1,8
Plaza Canadá ,2,1,8
Plaza Dante,2,1,8
Boulevard Amancio Alcorta,2,1,8
Plaza Nicaragua,2,1,8
"Plaza de los Derechos del Hombre, Plaza Delfo Cabrera y Shakespeare",2,1,8
Plaza Vaccareza,2,1,8
Hospital Borda,2,1,8
Hospital Muñiz,2,1,8
Hospital Moyano ,2,1,8
Policlínico Bancario,2,1,8
Cementerio de la Chacarita,2,1,8
MTB Juan B. Justo,2,1,8
Cildañez,2,1,8
Nodos Camino de Sirga,2,1,8
Centro verde Balbastro y De la Rosa,2,1,8
Estados Unidos (e/ Defensa y Perú),2,1,8
Carlos Calvo (e/ Defensa y Perú),2,1,8
Contracarril Av Belgrano,2,1,8
Fachada Farmacia La Estrella,5,1,8
Plaza Escudero,2,1,8
PBN Dorrego,2,1,8
MTB C.T. Norte,2,1,8
MTB 9 de Julio,2,1,8
MTB del bajo,2,1,8
Calle Pilar,2,1,8
Calle Junin,2,1,8
Formosa y Senillosa,2,1,8
Parque Patricios Patio de Juegos,2,1,6
Plaza Almagro Patio de Juegos,2,1,6
Plaza Democracia Patio de Juegos,2,1,6
Parque Alberdi Patio de Juegos,2,1,6
Parque Paseo de las Américas Patio de Juegos,2,1,6
Barrio Fraga: Infraestructura ejes principales,4,1,4
Barrio 31: YPF 3,5,1,9
Barrio 31: EEPP BA,4,1,9
Barrio 31: Baja tensión,4,1,9
Barrio 31: Baja tensión ,4,1,9
Barrio 31: Conexiones domiciliarias de agua,4,1,9
Barrio 31: Conexiones domiciliarias de agua,4,1,9
Barrio 31: Conexiones domiciliarias de agua,4,1,9
Camino de Sirga IV,4,1,2
Metrobus del Bajo etapa II - Entorno ,6,1,2
Creacio?n de Espacio Urbano bajo Autopista en el Barrio 31,2,1,9
"Generacio?n de Aperturas de Calles y Nueva Calle N° 14, Barrio 31 Carlos Mu?gica",11,1,9
Espacio Público Scholas,2,1,9
"Ejecución, rehabilitación y mantenimiento de viviendas del Barrio 31, Sector 1: Cristo Obrero 1, Sector 2 Comunicaciones y Sector 3: ""YPF""",3,6,9
"Ejecucion, rehabilitacion y mantenimiento de viviendas del Barrio 31 de la Ciudad de Buenos Aires-Etapa II",3,1,9
"Ejecución, Rehabilitación y mantenimiento de fachas, medianeras y cubiertas del Barrio 31. Segunda Etapa. Sector 1 Entorno Cancha 9, Sector 2 Perette y Sector 3 Calle Avellaneda",3,1,9
"Ejecución, Rehabilitación y mantenimiento de fachas, medianeras y cubiertas del Barrio 31. Tercera Etapa. Sector 1 Entorno Calle y Plaza Los Lápices, Sector 2 Plaza Ledesma",3,1,9
"Ejecución, Rehabilitación y mantenimiento de fachas, medianeras y cubiertas del Barrio 31. Tercera Etapa. Sector Turucmanos y Sector Playón Oeste",3,1,9
"Ejecucio?n, Rehabilitacio?n y Mantenimiento de Fachadas, Medianeras y Cubiertas del Barrio 31, Ciudad Auto?noma de Buenos Aires  Etapa V",3,1,9
"Ejecucio?n, Rehabilitacio?n y Mantenimiento de Fachadas, Medianeras y Cubiertas del Barrio 31, Ciudad Auto?noma de Buenos Aires  Etapa 5  segunda parte",3,1,9
"Ejecucio?n, Rehabilitacio?n y Mantenimiento de viviendas del Barrio 31, Etapa UM 3, Sector Bajo Autopista",3,6,9
"Ejecucio?n, Rehabilitacio?n y Mantenimiento de viviendas del Barrio 31, Etapa UM 4, Sector Bajo Autopista",3,6,9
"Ejecucio?n, Rehabilitacio?n y Mantenimiento de viviendas del Barrio 31, Etapa UM 5, Sector Bajo Autopista",3,1,9
Centro Luz Esperanza,5,1,9
Cine Teatro el Plata,5,1,7
Teatro San Martín,5,1,7
Abasto Barrio Cultural,5,1,7
Obras en Museo Moderno,5,1,7
Centro Cultural Recoleta,5,1,7
Parque de la Estación,5,1,7
Leopoldo Lugones,5,1,7
Evaristo Carriego,5,1,7
Escuela Taller de Casco Historico,5,1,7
Reparación general en la Casa del Virrey Liniers,5,1,7
Buenos Aires Museo,5,1,7
Buenos Aires Museo - Nuevo Museo del humor,5,9,7
Servicio de Mantenimiento Mensual en las manzanas 123 A-B-C-D-E-F-G-I-L-M,2,1,3
Servicio de mantenimiento mensual en el predio del estacionamiento ex Parque de la Ciudad,2,1,3
Estación Reguladora de Presión y Red Externa de Gas  Complejo Habitacional 180 Viviendas,8,10,3
Red Interna de Gas - Complejo Habitacional 180 Viviendas,5,10,3
Provisión de artefactos - Complejo Habitacional 180 viviendas,5,1,3
Sistemas de Reserva de Agua Potable - Complejo Habitacional 180 Viviendas,5,1,3
"Readecuación de Sistema Pluvial, Cloacal y Urbanismo - Complejo Habitacional 180 Viviendas",2,10,3
Redes cloacales - Complejo Habitacional Los Piletones (Agosto 2022-Julio 2023),8,1,3
Tanques de Reserva - Parque Roca Sector C,8,1,3
Buenos Aires Playa 2020: Parque Indoamericano - Obra Civil,2,1,3
Buenos Aires Playa 2022: Parque de la Ciudad - Obra Civil,2,1,3
Reparación cerco perimetral Villa Olímpica,8,1,3
Mantenimiento de Redes cloacales - Barrio Los Piletones (enero a marzo),8,1,3
Mantenimiento de Redes cloacales - Barrio Los Piletones (abril a junio),8,1,3
Reparaciones Barrio Piletones - abril 2020,8,1,3
Reparaciones Barrio Piletones - relevamiento mayo y junio 20,8,1,3
Conexiones de Agua - Los Piletones -,8,1,3
"Portón, chapas y corte de césped - Barrio Olímpico (mayo 20)",8,1,3
"Rejas, alambrado y portón  Parque Olímpico (mayo 20)",8,1,3
Mantenimiento Barrio Olímpico - julio 20,8,1,3
Mantenimiento integral - abril -mayo y junio 20,8,1,3
Redes cloacales - Complejo Habitacional Los Piletones (Julio-Dic. 2020),8,1,3
Mantenimiento mensual predio del estacionamiento ex Parque de la Ciudad,8,1,3
Redes cloacales - Complejo Habitacional Los Piletones (Enero-Junio 2021),8,1,3
Reparación de sistema de iluminación en espacios comunes en C.H. 180 viviendas ,8,1,3
Plaza Garay Patio de Juegos,2,1,6
Plaza Vicente López y Planes Patio de Juegos,2,1,6
Plaza Roque Sáenz Peña Patio de Juegos,2,1,6
Plaza Colombia Patio de Juegos,2,1,6
Plaza Isidora Patio de Juegos y puesta en valor,2,1,6
Impermeabilización de Azotea - Edificio N° 14 - Complejo Habitacional Los Piletones,5,1,3
Impermeabilización de Azotea - Edificio N° 15 - Complejo Habitacional Los Piletones,5,1,3
Impermeabilización de Azotea - Edificio N° 16 - Complejo Habitacional Los Piletones,5,1,3
Mudanza ex Pedelai,7,8,5
Tomografo,7,1,5
Modernizacion de Ascensores pabellon Romano,7,1,5
Etapa 3 Internacion 40 camas,7,1,5
Centro Transformación Instalación Eléctrica,7,8,5
Pabellon Cobo etapa 2,7,1,5
Refuncionalización / remodelación,7,1,5
Guardia Central - Relocalización y obra nueva,7,8,5
Esterilización,7,1,5
Casa Heredia,7,1,5
Plataforma Autoelevadora,7,1,5
Nuevo Centro Unico de DIscapacidad,7,1,5
Oxigeno Central en Clinica Medica PB,7,1,5
"Remodelación Pabellón K, Servicio Endocrinologí­a, Hospital Alvarez",7,1,5
Ductos de Internacion Piso 2,7,1,5
Oxigeno Central,7,1,5
Nuevo AA UTI-UTIM,7,1,5
Nuevo compresor de Aire Comprimido,7,1,5
Chillers,7,1,5
Nuevo compresor de Aire Comprimido,7,1,5
Nuevo Grupo Electrogeno,7,1,5
Oxigeno Central en Pabellon 30,7,1,5
Oxigeno Central en Pabellon Koch,7,1,5
Cerramientos Perimetrales,7,1,5
Nuevo compresor de Aire Comprimido,7,1,5
Oxigeno Central en Pabellon Mouras,7,1,5
Oxigeno Central en Pabellon 2,7,1,5
Oxigeno Central en Internacion Cardiologia,7,1,5
Oxigeno Central en Pabellon PQR,7,1,5
Oxigeno Central PQR,7,1,5
Oxigeno Central en Pabellon Cirugia,7,1,5
Agua Fría y Caliente Pabellón A,7,1,5
Oxigeno Central en Segundo Piso,7,1,5
Nueva bomba de Vacio,7,1,5
Nuevo compresor de Aire Comprimido,7,1,5
Oxigeno Central en Guardia y Neumotisiologia,7,1,5
Ventilacion Morge + Tableros,7,1,5
Remodelación Guardia,7,1,5
Nuevo compresor de Aire Comprimido,7,1,5
Oxigeno Central UTIM,7,1,5
Reparacion tablero general,7,1,5
Nuevo CESAC 18,7,1,5
Alvarez Tomografo,7,1,5
Quirofanos: AA etapa 1,7,1,5
AA consultorios externos PB,7,1,5
Compresores y bombas de vacio,7,1,5
Compresores y bombas de vacio,7,1,5
Barrio Rodrigo Bueno,7,1,5
AA Quirofanos CCV 1° etapa,7,1,5
AA unidad 14,7,1,5
"PROVISIÓN, COLOCACIÓN Y MANTENIMIENTO DE SOLADOS, PAVIMENTO, CORDONES PREMOLDEADOS, DEMARCACIÓN HORIZONTAL Y BICICLETEROS URBANOS",6,1,2
Expansión de Ciclovias,6,1,2
Parque de la Innovación - Licitacion 5 ,2,1,2
Calle Compartida Libertador - Etapa 2,6,1,2
Calle Compartida Libertador - etapa 3,6,1,2
Metrobus del Bajo etapa II - Paradores ,6,1,2
"SISTEMAS DE SEÑALIZACIÓN ACTIVA EN LOS PASOS A NIVEL VEHICULARES Y 
PEATONALES DEL PASEO DEL BAJO",6,8,2
"REFUNCIONALIZACION Y OBRAS
COMPLEMENTARIAS SUCRE - PAMPA",6,8,2
CRC Agote - San Martin,12,1,10
Soluciones Habitacionales 3B,5,8,9
Procuracion Etapa 2,5,8,2
Memorial Amia,2,1,10
Playon Ferroviario Colegiales,5,8,2
Parque de la Memoria Explanada,2,8,2
Parque de la Memoria Confiteria,5,3,2
Parque del Golf,2,1,10
Parque del Vega,2,1,2
Parque Costero BA,2,1,2
Eco Casa (Ex hostal del lago),2,1,8
Cruces Nivelados Tacuarí,2,1,8
Cruces nivelados Piedras,2,1,8
Fachadas Patrimoniales Et. 6 Casal de Cataluña,2,1,8
Fachadas Patrimoniales Et. 6 Chacabuco 874 (Ex pista urbana),2,1,8
Jardin de Infantes Integral N° 5 D.E 14,1,1,1
Jardin de Infantes Integral N° 10 D.E 1,1,1,1
CFP 38,1,1,1
"Ejecucio?n, Rehabilitacio?n y Mantenimiento de viviendas del Barrio 31, Etapa UM 3, Sector Bajo Autopista. Lote 1",3,1,9
"Ejecucio?n, Rehabilitacio?n y Mantenimiento de viviendas del Barrio 31, Etapa UM 3, Sector Bajo Autopista. Lote 2",3,1,9
"Ejecución, rehabilitación y mantenimiento de viviendas del Barrio 31, Sector 2: Comunicaciones",3,1,9
"Ejecución, rehabilitación y mantenimiento de viviendas del Barrio 31, Sector 3: ""YPF""",3,1,9
"Ejecucio?n, Rehabilitacio?n y Mantenimiento de viviendas del Barrio 31, Etapa UM 3, Sector Bajo Autopista. Lote 1",3,1,9
"Ejecucio?n, Rehabilitacio?n y Mantenimiento de viviendas del Barrio 31, Etapa UM 3, Sector Bajo Autopista. Lote 2",3,1,9
"Ejecucio?n, Rehabilitacio?n y Mantenimiento de viviendas del Barrio 31, Etapa UM 4, Sector Bajo Autopista - Lote 1",3,1,9
"Ejecucio?n, Rehabilitacio?n y Mantenimiento de viviendas del Barrio 31, Etapa UM 4, Sector Bajo Autopista - Lote 2",3,1,9
"CONSTRUCCION DE GALPON COMUNITARIO EN BAJO
  AUTOPISTA",5,1,9
Construcción e Instalación de Acueducto para Alimentación del Barrio,11,1,9
Infraestructura de Media Tensión,11,1,9
Readecuación de Galpón de reciclaje,5,1,9
"EJECUCIÓN, REHABILITACIÓN, MANTENIMIENTO E INTERVENCIÓN PUNTUAL EN VIVIENDAS",3,1,9
Adecuación de la Red de Agua Potable,11,1,9
Renovación de la Red de Alimentación de Baja Tensión,11,1,9
Puesta en valor Casa de la Cultura,5,1,9
DESTACAMENTO POLICIAL EN BAJO AUTOPISTA,5,1,9
Patio gastronómico,5,1,9
CONSTRUCCION POLO COMERCIAL,11,1,9
EJECUCIÓN DE INFRAESTRUCTURA EN MANZANA 28 CON SUS ALREDEDORES,11,1,9
Apertura de calle y ejecución de Infraestructura Manzana 30,11,1,9
"READECUACIÓN DE TERRENO, DEMOLICIÓN, CONSTRUCCIÓN Y MEJORAMIENTO DE VIVIENDAS - SECTOR COMUNICACIONES",3,1,9
Generacion de Aperturas de Calles y Nueva Calle N°14,11,1,9
Parque Carrasco,2,1,10
Castro Verde,2,1,2
Gran Panteon de Flores,5,8,2
CRC Belgrano - CAD Inchausti,12,1,10
Residencias Alfmafuerte - Juana Azurduy - Simon Rodriguez,12,1,10
Instituto Superior de Arte Teatro Colon,5,2,10
Museo del Humor,5,8,2
Palacio Ceci,5,8,2
Relocalización cañerías impulsión L1 y L2 de AySA en Gigena,13,8,2
Edificio PI,5,1,10
Parque de la Innovación - Licitacion N3,2,1,2
Parque de la Innovación - Licitacion N4,2,1,2
Parque de la Innovación- Licitacion N2,2,1,2
Pista de Ciclismo,5,1,2
Reservorio,5,3,2
Vestuarios Club Nueva Chicago,5,8,2
Registro Civil Etapa 1 Instalaciones,12,3,2
Base de Agentes Rio IV Incendio,5,8,2
Base de Agentes Rio IV Modulos Oficinas,5,8,2
MTB Alberdi Directorio Entorno,6,1,2
MTB Alberdi Directorio Paradores,6,1,2
Skatepark Villa Luro,2,1,2
Guardia,7,1,5
Internacion de Salud Mental 10 camas,7,1,5
Internacion de Salud Mental 10 camas,7,1,5
Internacion de Salud Mental 10 camas,7,1,5
Consulta Externa,7,8,5
Toxicologia,7,1,5
CENTRO REGIONAL HEMOTERAPIA,7,8,5
COMPLEMENTARIAS,7,1,5
Quirofanos: AA - Etapa 1,7,1,5
Consultorios Externos AA PB,7,1,5
UTI,7,1,5
Tomografo + Obra Civil,7,1,5
Servicio de Mantenimiento Mensual en las manzanas 123 A-B-C-D-E-F-G-I-L-M,2,1,3
Construcción de Canil - Barrio Olímpico - Comuna 8,2,1,3
Accesos terrestres y viales entre PBA y CABA: 1-  Cruce Corrales; 2- Puente Olímpico   3- Cruce Av. Fernandez De La Cruz; 4- Puente Victorino De La Plaza; 5.- Puente Alsina ; 6- Cruce Av. Roca; 7- Puente Nicolas Avellaneda,2,1,3
Conexiones Cloacales  Manzana 5  Calle Juan Pablo II entre Ana M. Janer y Plumerillo  Barrio Los Piletones,8,1,3
Reparación de Estación de Bombeo EB1 - Complejo Habitacional Los Piletones,8,1,3
"Refacción de Baños Nº 03  04  05,  Parque de la Ciudad ",5,1,3
Instalación Interna de Gas - 84 viviendas - Torres 1-2-7 y 8  Sector I - Complejo Habitacional 180 viviendas,5,10,3
Instalación Interna de Gas - 48 viviendas - Torres 3 y 4  Sector 2 - Complejo Habitacional 180 viviendas,5,10,3
Instalación Interna de Gas - 48 viviendas - Torres 5 y 6  Sector 3 - Complejo Habitacional 180 viviendas,5,10,3
Buenos Aires Playa 2023 - Parque de la Ciudad-Etapa 1,2,1,3
Buenos Aires Playa 2023 - Parque de la Ciudad-Etapa 2,2,1,3
Sector B - Sistema colectoras cloacales ,2,1,3
Sector C - sistema colectoras cloacales,2,1,3
Puesta en Valor Salón de Exposiciones - Etapa I - Bolivar 1268 ,5,1,3
Puesta en Valor Salón de Exposiciones - Etapa II - Bolivar 1268 ,5,1,3
Puesta a punto del Teatro Alvear,5,1,7
MIJU: BA Ciudad de los Niños: Museo de los Niños en la Münich,5,1,7
Padilla,2,1,8
Ramon Falcon,2,5,8
Guardia Vieja,2,1,8
Fachadas patrimoniales ET 3: Casa del Historiador,2,1,8
Fachadas patrimoniales ET 3: Luca prodan ,2,1,8
Cruces Nivelados Chacabuco,2,1,8
Tres Sargentos,2,1,8
Humberto 1°,2,1,8
Remodelación ex Padelai ,7,8,5
Nuevo Cesac N° 49,7,8,5
Ruiz Diaz de Guzman,7,8,5
AA Quirófanos Pabellón C - 1er etapa 1,7,1,5
AA Quirófanos del Pab.Mouras,7,1,5
AA Quirofanos 1er etapa (8vo piso),7,8,5
Estados Unidos,2,1,8
Venezuela,2,1,8
México,2,1,8
Chile,2,1,8
Mantenimiento mensual predio del Estacionamiento Ex Parque de la Ciudad,2,12,3
Tendido de Red Interna de Agua Potable en Complejo Habitacional 180 Viviendas,8,2,3
Cerco y Portones Ex Estacionamiento Parque de la  Ciudad ,2,1,3
Cerco Barrio Olímpico - Sector Lago Sur - Ex Parque Ciudad,2,13,3
Cerco Barrio Olímpico - Sector Canil - Ex Parque Ciudad,2,1,3
Demolición Edificio Sanidad Ex Villa Olímpica - Barrio Olímpico ,2,13,3
Mástiles en Plaza Constitución,2,1,3
Escuela de Educación Media Nº 2 - D.E.Nº 20 - Cañada de Gómez Nº 3850,5,13,3
Escuela de Educación Media Nº 1 - D.E.Nº 13 - Av. Escalada 2890,5,13,3
Reemplazo de Cerco - Arroyo Cildañez,2,1,3
"Reparaciones varias en Salón y baños. Desperfectos Eléctricos en Quincho - Sum - Parque Roca Sector ""C""",5,1,3
Tendido de Red de Agua - Estadio - Parque Roca - Sector C,8,1,3
Impermeabilización de techo del Quincho en Parque Roca Sector C,5,1,3
Mantenimiento de Instalación Eléctrica MT/BT  Parque Roca - Sector C ,8,13,3
Aula Ambiental en Parque Roca - Sector C,5,13,3
Desratización y Control de mosquitos en Complejo Habitacional 180 viviendas ,2,1,3
Servicio de reparación de instalación sanitaria,7,1,5
MORGUE,7,1,5
"AA  Unidad Nº 10, 3, 4 y 7 del Pabellón II",7,1,5
Renovacion electrica servicio de laboratorios,7,1,5
AA Consultorios externos,7,1,5
AA Quirofanos,7,1,5
Esterilizacion ,7,1,5
"Reemplazo de Calderas de Calefacción y puesta en norma de instalación de gas, vapor y ACS  Etapa 1",7,8,5
Demolición calle Galván 3463,7,8,5
Nueva Red Troncal de Distribución de Agua Fría,7,8,5
Resonador ,7,8,5
Servicio de reparación de instalación sanitaria,7,1,5
AA Gerontologia y Cardiologia (4º y 2ºP) ,7,1,5
Ruy Diaz de Guzman,7,8,5
Nuevo Cesac (Av. La Plata 2241),7,8,5
Acelerador Lineal ,7,8,5
Consultorios Externos,7,8,5
Potencia,7,4,5
Comisarí­a comunal 1,5,1,11
Oficinas Ministerio de Justicia y Seguridad: Central De Alarmas - Nave 8,5,1,11
Comisarí­a vecinal 4-D,5,1,11
Oficinas Ministerio de Justicia y Seguridad: Ausa - Destacamento,5,1,11
Comisarí­a Comunal 10,5,1,11
Comisarí­a Comunal 8 - Segunda Etapa,5,1,11
"Oficinas Ministerio de Justicia y Seguridad: Hornos 238 Pisos 1, 2, 4",5,6,11
"Oficinas Ministerio de Justicia y Seguridad: Hornos 238 Pisos 4, 5, 7",5,6,11
"Instituto Superior De Seguridad Pública: Dormitorios (Pabellones: 1, 2, 3, 4 y 5)",5,1,11
Oficinas Ministerio de Justicia y Seguridad: Herrera - Armerí­a Armamentos,5,1,11
Destacamento de Bomberos Vélez Sarsfield (Rodó 4470),5,1,11
Oficinas Ministerio de Justicia y Seguridad: Herrera - Policí­a Antidisturbios - Etapa 2,5,1,11
Instituto Superior De Seguridad Pública: Aulas y comedor,5,1,11
Oficinas Ministerio de Justicia y Seguridad: Herrera - Policí­a Antidisturbios - Etapa 3,5,1,11
Destacamento De Bomberos Flores (Estación) - Cuartel VII (Falcón 2255) - Etapa 2,5,1,11
Anillo Digital - Centro de Monitoreo Sur,5,1,11
Anillo Digital - Centro de Monitoreo Norte,5,1,11
Comisarí­a Vecinal 8-B,5,1,11
Comisaría Comunal 9,5,1,11
Comisaría Comunal 10,5,1,11
Comisaría Comunal 3,5,1,11
Destacamento de bomberos en Puerto Madero,5,1,11
Oficinas Ministerio de Justicia y Seguridad: Hornos 238 Pisos 1,5,1,11
Oficinas Ministerio de Justicia y Seguridad: Hornos 238 Pisos 2,5,1,11
Oficinas Ministerio de Justicia y Seguridad: Hornos 238 Pisos 4,5,1,11
Oficinas Ministerio de Justicia y Seguridad: Hornos 238 Pisos 5,5,1,11
Oficinas Ministerio de Justicia y Seguridad: Hornos 238 Pisos 6,5,1,11
Oficinas Ministerio de Justicia y Seguridad: Hornos 238 Subsuelo,5,1,11
Centro de Monitoreo Urbano Puerto Madero ,5,1,11
Centro de Monitoreo Urbano 9 de Julio ,5,1,11
Entorno para Homenaje a los Policías,5,1,11
Centro de Monitoreo Urbano Chacarita,5,1,11
Comisaría Comunal 4,5,1,11
Centro de Monitoreo Urbano Zona Sur,5,1,11
Comisaría Comunal 7,5,5,11
"Base agentes de tránsito 
Parque Chacabuco",5,1,11
Herrera 2410,5,14,11
"CMU Chacarita 
Ampliación",5,14,11
Barrio 31,14,3,8
Parque Ameghino,14,3,8
Plaza Mario A. Amaya,2,3,8
Parque Centenario,14,3,8
Plaza Romulo Zabala,2,3,8
Plaza Santa Rita,2,3,8
Plaza Félix Lima,2,3,8
Puesta en Valor de la Morgue del Recoleta,2,15,8
Puesta en Valor del Peristilo de Recoleta,2,15,8
Puesta en Valor Galería 28,2,15,8
Restauracion del Muro de la Calle Azcuénaga,2,15,8
Puesta en Valor de la Red de Instalaciones Eléctricas,2,15,8
"Puesta en Valor de las Galerias 17, 19 y 21 en Cementerio en Recoleta",2,15,8
Ramón Falcón,2,1,8
Parque Lineal Honorio Pueyrredón,2,16,8
Mirador Obelisco,2,16,8
REFORMA INTEGRAL REFUGIO MARIQUITA SÁNCHEZ,5,8,9
REFORMA INTEGRAL REFUGIO JUANA MANSO,5,8,9
REFORMA INTEGRAL CENTRO DE DESARROLLO INFANTIL (CEDI) TUTZO DE BONIFACIO,5,8,9
REFORMA INTEGRAL CENTRO DE DESARROLLO INFANTIL (CEDI) QUINQUELA MARTÍN,5,1,9
"REFORMA INTEGRAL CENTRO DE ACCION FAMILAR (CAF) ""CEMAI""",5,1,9
REFORMA INTEGRAL CENTRO DE DESARROLLO INFANTIL (CEDI) PRINGLES,5,1,9
REFORMA INTEGRAL CENTRO DE DESARROLLO INFANTIL (CEDI) COPELLO,5,1,9
REFORMA INTEGRAL CENTRO DE INCLUSIÓN LA BOCA,5,1,9
REFORMA INTEGRAL CENTRO DE ACCION FAMILAR (CAF) N° 6,5,1,9
Barrio 20: Infraestructura Ejes Principales,15,1,4
Barrio Rodrigo Bueno: Infraestructura Borde Costero,4,8,4
ESCUELA PRIMARIA COMÚN JUAN JOSE CASTELLI Y JIN C (EPCJS 01/01°)N°01 ,1,3,1
Nuevo plan | Escuela Técnica N°15 Maipú - Martín García,1,5,1
"E.P.C. N°10 - ""JOSÉ ERNESTO GALLONI"" - JINA EPCJS N°10/17 - ""ALICIA M. DE JUSTO""",1,5,1
"ESC. SUPERIOR DE EDUCACIÓN ARTÍSTICA EN ARTES VISUALES - ""ROGELIO YRURTIA"" - ESC. PRIMARIA COMÚN N°23",1,5,1
"ESCUELA DE ENSEÑANZA MEDIA N°2 - ""ERNESTO GUEVARA""",1,5,1
"COLEGIO N°1 ""BERNARDINO RIVADAVIA""-ESCUELA DE COMERCIO N°36 ""ISAAC HALPERIN""-CENTRO EDUCATIVO DE NIEVEL SECUNDARIO N°18",1,5,1
"ESCUELA DE COMERCIO N° 32 ""JOSÉ LEÓN SUAREZ""",1,5,1
ESCUELA Nº 17 D.E 2- Presidente Uriburu,1,5,1
"EPC N.º 15 PROVINCIA DE SANTA FE / JINC N.º 05/10º PABLO PICASSO
",1,5,1
Escuela 14 Fray Martín Del Barco Centenera D.E. 10 / JIC Nº 10 DE 10,1,5,1
Escuela Nº 3 D.E. 10- Esteban Echeverria,1,5,1
Escuela N° 12 - D.E. 14 - Herminia Brumana,1,5,1
"INSTITUTO DE EDUCACIÓN SUPERIOR N° 1 - ""DRA. ALICIA MOREAU DE JUSTO"" ",1,5,1
Jardin de Infantes Integral N° 01/04 Benito Quinquela Martin,1,5,1
Escuela Técnica N° 34 - Ing. Enrique Martín Hermitte,1,5,1
Escuela Petronila Rodríguez,1,5,1
Esc. Primaria Común N° 19 Galicia,1,5,1
Escuela Primaria Común N° 5 Armada Argentina,1,5,1
Escuela Técnica N° 28 República Francesa,1,5,1
EEM N° 03/17° ANTONIO DEVOTO,1,5,1
JIN A (EPCJC 08/09°),1,5,1
EPC N° 07 DEL CENTENARIO / JIN C (EPCJC 07/02°),1,5,1
"EPC N° 06 FRENCH Y BERUTI / JII N° 02/01°
",1,5,1
CENTRO DE ACTIVIDADES INFANTILES Y JUVENILES CLUB ALMAGRO - Polideportivo - Anexo Normal Nº07,1,5,1
"EPC N° 21 ANGEL GALLARDO / JIN C (EPCJC 21/01°)
",1,5,1
"ESC. PARA NIÑOS, NIÑAS Y JÓVENES CON PLURIDISCAPACIDAD MOTORA N° 11 DR. AQUILES GAREISO",1,5,1
"ESC. PARA NIÑOS, NIÑAS, JÓVENES Y ADULTOS CON DISCAPACIDAD MENTAL Y FORMACIÓN INTEGRAL N° 02 DOMINGO F SARMIENTO",1,5,1
"Anexo - Escuela Especial N°18 ""Cecilia Maria Estrada De Cano"" ",1,5,1
ISEF N° 02 PROF. FEDERICO W. DICKENS,1,5,1
ESC. INTEGRAL INTERDISCIPLINARIA N° 20 ALICIA MOREAU DE JUSTO,1,5,1
VILLA OLIMPICA,1,5,1
"EPC N° 09 JOSE MARIA TORRES
",1,5,1
EPC N° 02 AUSTRALIA,1,5,1
JII Nº 14 DE 21,1,5,1
EPC N° 19 PROVINCIA DEL CHUBUT,1,5,1
EPC N° 08 JORGE ANGEL BOERO,1,5,1
Escuela Infantil Nº 11 DE 5 - Parque Patricios,1,5,1
"Escuela Técnica N° 17 ""Brig. Gral. Cornelio Saavedra""",1,5,1
INSTITUTO BERNASCONI,1,5,1
Escuela Normal Superior N° 08 - Pte. Julio Argentino Roca,1,5,1
Escuela Primaria de Creación - Est. Buenos Aires ,1,5,1
EPC N° 08 ALTE. RAMON GONZALEZ FERNANDEZ,1,5,1
JII N° 14/20°,1,5,1
EPC N° 11 JOSE FEDERICO MORENO,1,5,1
Biblioteca - Sup. Educ. Prim. Zona D Región VIII,1,5,1
EPC N° 24 PADRE CASTAÑEDA / Jardín de Infantes Nucleado D (EPCjc 24/12°),1,5,1
EPC N° 16 REPUBLICA DOMINICANA,1,5,1
"ESCUELA PRIMARIA N° 4 -""CNEL. C.F.BRANDSEN""",1,5,1
"E.P.C. N°22 -""REMEDIOS DE ESCALADA DE SAN MARTIN""",1,5,1
Escuela N° 01 Castro Munita ,1,5,1
"Escuela Técnica 32 ""General José de San Martín""",1,5,1
"ESC. PRIMARIA COMÚN N°2 ""FRANCISCO DESIDERIO HERRERA"" ",1,5,1
INSTITUTO SUPERIOR DE ENSEÑANZA EN LENGUAS VIVAS,1,5,1
ESEA DANZA AIDA MASTRAZZI,1,5,1
Esc. Primaria Común N° 02 Domingo Faustino Sarmiento,1,5,1
ESC. TEC. N° 09 ING. LUIS A. HUERGO,1,5,1
Polideportivo,1,5,1
ESC. TEC. N° 06 FERNANDO FADER,1,5,1
EPC N° 11 PONCIANO VIVANCO - JIC N° 01/13°,1,5,1
CENTRO DE FORMACION PROFESIONAL N° 07,1,5,1
Limpieza y desobstrucción del sistema cloacal - Parque Roca Sector C,2,12,3
Mantenimiento mensual predio del Estacionamiento Ex Parque de la Ciudad,2,1,3
Redes cloacales y Mantenimiento de Complejo Habitacional Los Piletones (Agosto2023-Julio2024),8,8,3
Obra de Emergencia en Edificio Nº 08  Barrio Los Piletones ,5,1,3
Reparación sistema de elevación de agua Edificio N° 17  Complejo Habitacional Los Piletones ,8,1,3
Reparación de Bombeo Cloacal Complejo Habitacional Los Piletones,8,1,3
Destacamento Policial Piletones ,5,1,3
Obra de Emergencia: Reparaciones varias en Torre 4 UF2 ,5,1,3
Parque Roca -Sector B - Sistema colectoras cloacales - febrero y marzo 2023,8,1,3
Parque Roca -Sector C - Limpieza y desobstrucción de sistema colectoras cloacales - marzo 2023,8,1,3
Parque Roca -Sector C - Limpieza y desobstrucción de sistema colectoras cloacales,8,1,3
Reparación sistema de elevación de agua en tanques elevados parque Roca sector C,8,1,3
Puesta en valor piletas de natación Parque Roca,5,1,3
Escuela de Educación Media Nº 2 - D.E.Nº 20 - Cañada de Gómez Nº 3850,5,12,3
Escuela de Educación Media Nº 1 - D.E.Nº 13 - Av. Escalada 2890,5,12,3
Proyecto ejecutivo estación de bombeo y regulación Ugarteche,15,3,12
Proyecto ejecutivo para ampliación estación de bombeo del A° White,15,3,12
Relevamiento territorial para validación de ramales en zonas anegables ,15,3,12
A.R.P.S.- CILDAÑEZ 3 - Ramales Zuviría y Martí 2,15,3,12
Sistema de monitoreo para reservorios y estación de bombeo ,15,3,12
Evaluación de impacto ambiental para ramales del Sur,15,3,12
A.R.P.S. - Ramales Medrano I (Larralde - Ciudad de la Paz) ,15,3,12
Mejora de Eficiencia A° Medrano,15,3,12
"SISTEMAS DE SEÑALIZACIÓN ACTIVA EN LOS PASOS A NIVEL VEHICULARES Y 
PEATONALES DEL PASEO DEL BAJO",6,1,2
"REFUNCIONALIZACION Y OBRAS
COMPLEMENTARIAS SUCRE - PAMPA",6,1,2
Provisión y colocación de instalación contra incendios para Playa de Acarreos - Herrera 2116 (CABA),5,1,2
Provisión y colocación de módulos prefabricados para oficina y sanitarios.,5,1,2
"AMPLIACIÓN DE LA RED SECUNDARIA DE RAMALES PARA LAS CUENCAS DE LOS ARROYOS MALDONADO, VEGA Y CILDAÑEZ  LOTE 1.",16,8,2
"AMPLIACIÓN DE LA RED SECUNDARIA DE RAMALES PARA LAS CUENCAS DE LOS ARROYOS MALDONADO, VEGA Y CILDAÑEZ  LOTE 2",16,8,2
Nuevos Edificios Parque Olímpico,5,8,10
Soluciones Habitacionales 3 ETAPA 2,5,8,10
Restauración de fachada y hall planta baja edificio Procuración General - ETAPA 2,5,1,10
Refuncionalización Edificios Playa Colegiales,5,1,10
"Rediseño de explanada y reparaciones en sala ""Presentes Ahora y Siempre"" - Parque de la Memoria",2,1,10
Cafetería Parque de la Memoria,5,1,10
Gran Panteon de Flores (ETAPA 1),13,1,10
Rehabilitación y adecuación tecnológica Casa Altos de Elorriaga II - Museo del Humor,5,8,10
Puesta en valor y readecuación tecnológica Palacio Ceci,5,8,10
PROYECTO DE INGENIERÍA Relocalización cañerías impulsión L1 y L2 de AySA.,13,17,10
Vestuarios e iluminación deportiva cancha de hockey Polideportivo Juan Bautista Alberdi,5,8,10
Renovación de instalaciones Edificio Registro Civil - Etapa 1,12,1,10
Gran Panteon de Flores (ETAPA 2),13,8,10
Camino de Sirga V,17,8,10
Demolición por riesgo estructural Diógenes Taborda N° 1553,5,13,10
Puesta en valor y actualización tecnológica Edificio Pellegrini 311/313,5,8,10
